b,channel,dET
1,VPD[stomatal],332.3707215367974
1,VPD[demand],326.52721156178745
2,VPD[stomatal],341.76489625198474
2,VPD[demand],301.4630976180455
3,VPD[stomatal],394.53495992132144
3,VPD[demand],354.3085506456555
4,VPD[stomatal],296.1789455875776
4,VPD[demand],356.76659407112805
5,VPD[stomatal],377.2746703971711
5,VPD[demand],377.6974913080807
6,VPD[stomatal],251.71521578354685
6,VPD[demand],286.1750920470425
7,VPD[stomatal],326.095536683965
7,VPD[demand],282.80102450863984
8,VPD[stomatal],310.9061899222597
8,VPD[demand],311.51499325890836
9,VPD[stomatal],350.3243011177115
9,VPD[demand],335.5981564554441
10,VPD[stomatal],321.75472678933744
10,VPD[demand],336.57363417393077
11,VPD[stomatal],335.26204074291996
11,VPD[demand],374.38403812246656
12,VPD[stomatal],335.87357448653955
12,VPD[demand],318.5900842583977
13,VPD[stomatal],321.4255180335512
13,VPD[demand],313.52380252387553
14,VPD[stomatal],315.7647395196126
14,VPD[demand],339.96689568317885
15,VPD[stomatal],297.4932330925464
15,VPD[demand],294.1869795908057
16,VPD[stomatal],268.69397474774905
16,VPD[demand],284.9608483368475
17,VPD[stomatal],329.4596573127984
17,VPD[demand],350.56286951352195
18,VPD[stomatal],314.5429145765327
18,VPD[demand],335.1313753794917
19,VPD[stomatal],359.2110333334133
19,VPD[demand],325.63432549763724
20,VPD[stomatal],276.1071821314148
20,VPD[demand],306.4722981521464
21,VPD[stomatal],341.63965919392547
21,VPD[demand],321.29269973288564
22,VPD[stomatal],326.0769748233914
22,VPD[demand],347.35217761384473
23,VPD[stomatal],311.98486263563535
23,VPD[demand],336.1270482522995
24,VPD[stomatal],324.5076531393954
24,VPD[demand],361.4463645818942
25,VPD[stomatal],286.79312416967383
25,VPD[demand],271.420700896876
26,VPD[stomatal],318.5865102178578
26,VPD[demand],364.2432634493878
27,VPD[stomatal],288.3131014947554
27,VPD[demand],290.6456590404467
28,VPD[stomatal],346.15886849126923
28,VPD[demand],357.64266897199053
29,VPD[stomatal],318.91171098377794
29,VPD[demand],314.5269840031402
30,VPD[stomatal],333.41426501747264
30,VPD[demand],331.8574357376144
31,VPD[stomatal],333.4489724138577
31,VPD[demand],286.925360812272
32,VPD[stomatal],324.5545159978496
32,VPD[demand],288.3632980591868
33,VPD[stomatal],305.9707565038454
33,VPD[demand],276.33452446647163
34,VPD[stomatal],383.32264255018254
34,VPD[demand],375.0177062869753
35,VPD[stomatal],334.51120040013075
35,VPD[demand],304.95237536443136
36,VPD[stomatal],319.82283055757875
36,VPD[demand],268.73359392433093
37,VPD[stomatal],311.4832653981615
37,VPD[demand],341.956489550905
38,VPD[stomatal],383.4199812770341
38,VPD[demand],310.6889031853279
39,VPD[stomatal],360.5695318999292
39,VPD[demand],381.6355024139943
40,VPD[stomatal],364.4958861440224
40,VPD[demand],343.2257425592999
41,VPD[stomatal],286.28432439141767
41,VPD[demand],285.9973266526056
42,VPD[stomatal],284.28189074553694
42,VPD[demand],265.6252431675794
43,VPD[stomatal],331.9815087796652
43,VPD[demand],338.9730395434563
44,VPD[stomatal],335.37573524953314
44,VPD[demand],390.9066986466522
45,VPD[stomatal],323.04731289975297
45,VPD[demand],318.18468474070613
46,VPD[stomatal],255.19169969518873
46,VPD[demand],309.4721659894174
47,VPD[stomatal],313.4319362652345
47,VPD[demand],287.76004337886025
48,VPD[stomatal],333.64147343517976
48,VPD[demand],322.07185960660513
49,VPD[stomatal],281.0246350745464
49,VPD[demand],317.63516248324447
50,VPD[stomatal],272.07558521182676
50,VPD[demand],293.95336262324395
51,VPD[stomatal],303.8655599003492
51,VPD[demand],291.9793142936943
52,VPD[stomatal],360.5348684847869
52,VPD[demand],362.38938594081765
53,VPD[stomatal],290.983652931037
53,VPD[demand],305.66908600670047
54,VPD[stomatal],295.23876307181405
54,VPD[demand],295.5664848257424
55,VPD[stomatal],338.8761165437441
55,VPD[demand],384.36844248322507
56,VPD[stomatal],307.65423357191304
56,VPD[demand],269.8821834015069
57,VPD[stomatal],344.21606135731014
57,VPD[demand],281.3110383467362
58,VPD[stomatal],333.816001142496
58,VPD[demand],306.5496323127906
59,VPD[stomatal],309.42993625657266
59,VPD[demand],286.41062526908553
60,VPD[stomatal],316.17800265566854
60,VPD[demand],355.93629732768767
61,VPD[stomatal],293.5517732530247
61,VPD[demand],262.6677329709494
62,VPD[stomatal],352.87346957555815
62,VPD[demand],365.8633345937927
63,VPD[stomatal],281.2882042449843
63,VPD[demand],284.61789159999483
64,VPD[stomatal],321.21140323630374
64,VPD[demand],294.282887068765
65,VPD[stomatal],343.54171891902087
65,VPD[demand],322.22836761644345
66,VPD[stomatal],322.3349713385971
66,VPD[demand],326.6570116325672
67,VPD[stomatal],325.9078629223281
67,VPD[demand],293.2356848037034
68,VPD[stomatal],327.0872641619173
68,VPD[demand],345.81926925159433
69,VPD[stomatal],282.7596736974681
69,VPD[demand],332.43867743845414
70,VPD[stomatal],323.07835416927077
70,VPD[demand],333.3099250986421
71,VPD[stomatal],337.95362064058673
71,VPD[demand],360.67632695096006
72,VPD[stomatal],335.28401163802636
72,VPD[demand],421.6743498665225
73,VPD[stomatal],312.9217670770818
73,VPD[demand],313.62358233921327
74,VPD[stomatal],298.3836876331915
74,VPD[demand],324.7328776400577
75,VPD[stomatal],299.0522510160407
75,VPD[demand],316.40116126960504
76,VPD[stomatal],357.04471675662177
76,VPD[demand],341.98360109508855
77,VPD[stomatal],290.9365304500125
77,VPD[demand],331.95978030930075
78,VPD[stomatal],341.6386935583073
78,VPD[demand],387.8893915708636
79,VPD[stomatal],311.50019685946916
79,VPD[demand],313.1396693660478
80,VPD[stomatal],284.66890404498184
80,VPD[demand],307.9319542069294
81,VPD[stomatal],358.9360846165397
81,VPD[demand],404.4025457649139
82,VPD[stomatal],291.40125280850896
82,VPD[demand],276.6168622945878
83,VPD[stomatal],326.4552990013269
83,VPD[demand],300.16787374907136
84,VPD[stomatal],304.1840979332051
84,VPD[demand],322.78656207024846
85,VPD[stomatal],287.44395059513135
85,VPD[demand],343.790511026699
86,VPD[stomatal],355.08775446843634
86,VPD[demand],342.71396065970436
87,VPD[stomatal],315.0954635806541
87,VPD[demand],325.4179192084401
88,VPD[stomatal],329.9503744035984
88,VPD[demand],312.0848786219577
89,VPD[stomatal],295.18708165949823
89,VPD[demand],340.13814760213415
90,VPD[stomatal],342.089335022774
90,VPD[demand],379.48957739361384
91,VPD[stomatal],300.0658908732063
91,VPD[demand],358.4610266050808
92,VPD[stomatal],255.7240176861909
92,VPD[demand],330.6436209713519
93,VPD[stomatal],306.9743598874982
93,VPD[demand],365.76030704560264
94,VPD[stomatal],347.8903701580027
94,VPD[demand],340.05977851419345
95,VPD[stomatal],340.08174291472
95,VPD[demand],387.6704657954041
96,VPD[stomatal],310.2341324624755
96,VPD[demand],272.990015032982
97,VPD[stomatal],362.15621212620096
97,VPD[demand],347.3630011281517
98,VPD[stomatal],343.54132457535053
98,VPD[demand],290.40833518405975
99,VPD[stomatal],262.52748914263714
99,VPD[demand],301.08358304522733
100,VPD[stomatal],281.74329447864665
100,VPD[demand],360.8455605614787
101,VPD[stomatal],315.31654058855736
101,VPD[demand],324.60938516498754
102,VPD[stomatal],331.65952156796504
102,VPD[demand],313.6338679390317
103,VPD[stomatal],413.8093044353704
103,VPD[demand],338.79861991869825
104,VPD[stomatal],338.5820019414352
104,VPD[demand],352.2231716895674
105,VPD[stomatal],375.40341486952684
105,VPD[demand],305.2896450613693
106,VPD[stomatal],305.0143534754533
106,VPD[demand],325.85904379340377
107,VPD[stomatal],266.23559161492034
107,VPD[demand],322.364381215636
108,VPD[stomatal],396.8022478426423
108,VPD[demand],343.0952444136441
109,VPD[stomatal],297.2472282178572
109,VPD[demand],368.7083766661864
110,VPD[stomatal],277.4442293415717
110,VPD[demand],266.8780245631344
111,VPD[stomatal],321.2302026579298
111,VPD[demand],354.8921792650572
112,VPD[stomatal],316.81629446854873
112,VPD[demand],323.4597064007167
113,VPD[stomatal],285.9771871443142
113,VPD[demand],294.08103544004814
114,VPD[stomatal],317.1213040636627
114,VPD[demand],380.9549967243295
115,VPD[stomatal],349.65545939606056
115,VPD[demand],319.66082075646824
116,VPD[stomatal],295.57219624916087
116,VPD[demand],361.1955742121618
117,VPD[stomatal],361.0773080365912
117,VPD[demand],295.4553113265228
118,VPD[stomatal],311.8477373448847
118,VPD[demand],316.84238453067167
119,VPD[stomatal],348.29419738179666
119,VPD[demand],335.7391526771285
120,VPD[stomatal],318.017645479845
120,VPD[demand],384.24133351447443
121,VPD[stomatal],339.4980364902984
121,VPD[demand],375.8174087133065
122,VPD[stomatal],354.5663681210993
122,VPD[demand],383.5544459317442
123,VPD[stomatal],329.1151808454579
123,VPD[demand],284.9845756240988
124,VPD[stomatal],304.85190535077925
124,VPD[demand],324.03649717755917
125,VPD[stomatal],283.81764237130926
125,VPD[demand],298.40743973853205
126,VPD[stomatal],346.4812118745313
126,VPD[demand],258.4085381013727
127,VPD[stomatal],312.4977863858013
127,VPD[demand],314.62405432598274
128,VPD[stomatal],330.26195772741704
128,VPD[demand],364.5488634400006
129,VPD[stomatal],304.32415272320446
129,VPD[demand],333.1363536841211
130,VPD[stomatal],354.1706278183187
130,VPD[demand],337.13745189909713
131,VPD[stomatal],308.84787737966826
131,VPD[demand],398.1488560940049
132,VPD[stomatal],312.5901991111351
132,VPD[demand],378.6417583951493
133,VPD[stomatal],307.5482760329024
133,VPD[demand],309.88297246205104
134,VPD[stomatal],293.31689649572155
134,VPD[demand],318.2475276900216
135,VPD[stomatal],327.6372819702465
135,VPD[demand],335.8452164330716
136,VPD[stomatal],385.0282936866712
136,VPD[demand],342.4061200614735
137,VPD[stomatal],339.50852420647
137,VPD[demand],346.6472426393365
138,VPD[stomatal],340.0254526881727
138,VPD[demand],334.65303137245104
139,VPD[stomatal],299.74668664906466
139,VPD[demand],294.46028245075735
140,VPD[stomatal],320.0542490965207
140,VPD[demand],322.64416396100717
141,VPD[stomatal],354.4486618810678
141,VPD[demand],354.64616928461544
142,VPD[stomatal],308.1929243268025
142,VPD[demand],394.0949979312931
143,VPD[stomatal],354.2101371881038
143,VPD[demand],322.8729361687209
144,VPD[stomatal],298.96904282392507
144,VPD[demand],353.68650050190735
145,VPD[stomatal],304.16496362969303
145,VPD[demand],305.57154646421645
146,VPD[stomatal],338.11132096125897
146,VPD[demand],328.4771411618722
147,VPD[stomatal],301.701480193349
147,VPD[demand],300.39150337708014
148,VPD[stomatal],322.0232923221081
148,VPD[demand],286.41866615990034
149,VPD[stomatal],359.7638622717624
149,VPD[demand],348.6394238963854
150,VPD[stomatal],295.2470756304118
150,VPD[demand],349.3573456925515
151,VPD[stomatal],312.65558571235823
151,VPD[demand],277.4903403740003
152,VPD[stomatal],336.9495452633282
152,VPD[demand],384.84361393743313
153,VPD[stomatal],349.72524279426466
153,VPD[demand],398.10091895657405
154,VPD[stomatal],321.0403028624064
154,VPD[demand],365.81337245563094
155,VPD[stomatal],341.347079391629
155,VPD[demand],326.20801762029413
156,VPD[stomatal],322.5481148338113
156,VPD[demand],322.88775920117126
157,VPD[stomatal],342.12695935983515
157,VPD[demand],352.96303694597975
158,VPD[stomatal],320.78685119964047
158,VPD[demand],302.6251763742894
159,VPD[stomatal],338.0491078759623
159,VPD[demand],317.316088397222
160,VPD[stomatal],351.7509641014152
160,VPD[demand],299.76028941567915
161,VPD[stomatal],325.4126308410428
161,VPD[demand],308.5289089506146
162,VPD[stomatal],309.9681084280965
162,VPD[demand],321.7508439954087
163,VPD[stomatal],324.03330437036567
163,VPD[demand],337.858664190715
164,VPD[stomatal],294.3240673036839
164,VPD[demand],278.79836093455293
165,VPD[stomatal],334.5479487377406
165,VPD[demand],286.3949385217905
166,VPD[stomatal],276.97180098088774
166,VPD[demand],302.10094695817867
167,VPD[stomatal],335.7819012218014
167,VPD[demand],274.3923836856337
168,VPD[stomatal],332.02202499793316
168,VPD[demand],366.0574152367239
169,VPD[stomatal],331.8565094633312
169,VPD[demand],278.9080556593778
170,VPD[stomatal],310.87288631006135
170,VPD[demand],283.8642753748826
171,VPD[stomatal],371.93262511761463
171,VPD[demand],375.68877239626283
172,VPD[stomatal],294.2332898695889
172,VPD[demand],352.20720614625367
173,VPD[stomatal],332.9062822445853
173,VPD[demand],332.93118638874887
174,VPD[stomatal],379.0238798569621
174,VPD[demand],328.5453756460084
175,VPD[stomatal],330.3918478600866
175,VPD[demand],402.84718729864
176,VPD[stomatal],304.72638938588034
176,VPD[demand],301.9302117544845
177,VPD[stomatal],384.77670448995485
177,VPD[demand],375.6947772497617
178,VPD[stomatal],371.13179114901595
178,VPD[demand],335.90304592484335
179,VPD[stomatal],326.8577804964743
179,VPD[demand],300.51093289187355
180,VPD[stomatal],331.198372701584
180,VPD[demand],373.83223780845964
181,VPD[stomatal],338.69304789650835
181,VPD[demand],342.0775701019691
182,VPD[stomatal],317.40265961793455
182,VPD[demand],342.63372974064094
183,VPD[stomatal],249.78380740206956
183,VPD[demand],345.52307325111656
184,VPD[stomatal],332.74377424042456
184,VPD[demand],319.96789464394675
185,VPD[stomatal],324.269998142481
185,VPD[demand],331.0600501503793
186,VPD[stomatal],281.78175619631014
186,VPD[demand],321.93512741685004
187,VPD[stomatal],323.84581689551186
187,VPD[demand],315.57210906467816
188,VPD[stomatal],339.26532152680494
188,VPD[demand],327.3112085791711
189,VPD[stomatal],247.62040980427577
189,VPD[demand],309.46617166453933
190,VPD[stomatal],301.26640599146356
190,VPD[demand],270.8383213030272
191,VPD[stomatal],323.9979441685309
191,VPD[demand],356.74771080478416
192,VPD[stomatal],337.0008400824486
192,VPD[demand],325.45237414666394
193,VPD[stomatal],347.7796516603847
193,VPD[demand],337.6376940856952
194,VPD[stomatal],310.89666738080535
194,VPD[demand],338.02468718044844
195,VPD[stomatal],279.15335690557953
195,VPD[demand],331.27606115887437
196,VPD[stomatal],377.4053185780295
196,VPD[demand],360.5663327137893
197,VPD[stomatal],402.79565412143324
197,VPD[demand],359.1152825557142
198,VPD[stomatal],290.3780541090854
198,VPD[demand],320.86251171985583
199,VPD[stomatal],338.34980800163123
199,VPD[demand],360.04014008249754
200,VPD[stomatal],289.5831947434333
200,VPD[demand],214.1642510982585
201,VPD[stomatal],319.8938647602505
201,VPD[demand],318.4921587097708
202,VPD[stomatal],309.00309907946854
202,VPD[demand],345.15877278458925
203,VPD[stomatal],328.4365654193383
203,VPD[demand],310.85905854847454
204,VPD[stomatal],301.97188340825335
204,VPD[demand],276.65233614678306
205,VPD[stomatal],303.98634823038975
205,VPD[demand],314.3098437880253
206,VPD[stomatal],340.769817050544
206,VPD[demand],304.4763655263902
207,VPD[stomatal],419.4569204290178
207,VPD[demand],360.4843417624376
208,VPD[stomatal],305.1047623779025
208,VPD[demand],365.08906350955226
209,VPD[stomatal],273.68246856261095
209,VPD[demand],285.8029391213107
210,VPD[stomatal],318.84224507735814
210,VPD[demand],360.98651651413013
211,VPD[stomatal],317.1171290460079
211,VPD[demand],322.2766749827406
212,VPD[stomatal],317.8281670311397
212,VPD[demand],309.0426517870264
213,VPD[stomatal],326.5467190779157
213,VPD[demand],339.474157741092
214,VPD[stomatal],268.5529185119463
214,VPD[demand],308.89977024240864
215,VPD[stomatal],375.1741072916414
215,VPD[demand],385.0221747166686
216,VPD[stomatal],351.7696645005997
216,VPD[demand],365.799164886739
217,VPD[stomatal],364.95911968400753
217,VPD[demand],348.14492933693543
218,VPD[stomatal],345.5268456526212
218,VPD[demand],347.2064717692984
219,VPD[stomatal],322.2166099042485
219,VPD[demand],317.54527830664796
220,VPD[stomatal],305.2061719287843
220,VPD[demand],351.2650711506734
221,VPD[stomatal],292.8587946238636
221,VPD[demand],326.36475289619574
222,VPD[stomatal],330.28560801206316
222,VPD[demand],335.414143981994
223,VPD[stomatal],334.14963950270834
223,VPD[demand],316.32319265780376
224,VPD[stomatal],317.07354059140016
224,VPD[demand],335.9363383562675
225,VPD[stomatal],294.7943860836146
225,VPD[demand],247.8611096703247
226,VPD[stomatal],333.0092288388688
226,VPD[demand],293.30664326702373
227,VPD[stomatal],310.9940279866881
227,VPD[demand],328.82331846702346
228,VPD[stomatal],345.9872695621926
228,VPD[demand],318.6528825128856
229,VPD[stomatal],301.94042771544633
229,VPD[demand],264.89649190599937
230,VPD[stomatal],288.0427598947288
230,VPD[demand],334.0865439668255
231,VPD[stomatal],333.0732446468284
231,VPD[demand],290.8219956207498
232,VPD[stomatal],252.89207869790994
232,VPD[demand],258.7538447139104
233,VPD[stomatal],352.24140888713754
233,VPD[demand],339.6891811893595
234,VPD[stomatal],299.8110807625565
234,VPD[demand],340.4705802631185
235,VPD[stomatal],335.50167147233054
235,VPD[demand],315.4724131357181
236,VPD[stomatal],336.6895151558482
236,VPD[demand],298.57309186994644
237,VPD[stomatal],357.8337371898027
237,VPD[demand],365.8899152891322
238,VPD[stomatal],355.1645983932763
238,VPD[demand],371.2477098655121
239,VPD[stomatal],333.8334066422851
239,VPD[demand],307.80070064714704
240,VPD[stomatal],351.6848630910176
240,VPD[demand],391.403491715088
241,VPD[stomatal],301.9369547048985
241,VPD[demand],292.80839320000507
242,VPD[stomatal],298.16497951069897
242,VPD[demand],280.247466237157
243,VPD[stomatal],313.12983678705956
243,VPD[demand],297.8761342307306
244,VPD[stomatal],306.2607288931027
244,VPD[demand],351.0487608583308
245,VPD[stomatal],326.40051449727434
245,VPD[demand],391.53334493982595
246,VPD[stomatal],317.8785518964727
246,VPD[demand],321.1302820069479
247,VPD[stomatal],332.5419367142425
247,VPD[demand],295.29355679112126
248,VPD[stomatal],334.0069347332573
248,VPD[demand],348.5394972853538
249,VPD[stomatal],366.2264597079451
249,VPD[demand],366.51378830556524
250,VPD[stomatal],383.9673386896464
250,VPD[demand],311.6703083381425
251,VPD[stomatal],350.9034318505608
251,VPD[demand],310.2729978024047
252,VPD[stomatal],336.35347895917755
252,VPD[demand],310.2235304268321
253,VPD[stomatal],340.5261218473054
253,VPD[demand],324.7194350820409
254,VPD[stomatal],307.540512208792
254,VPD[demand],327.99108740321924
255,VPD[stomatal],348.5434292122953
255,VPD[demand],345.9369044557472
256,VPD[stomatal],332.2910774902849
256,VPD[demand],317.66425617496026
257,VPD[stomatal],335.77319659445345
257,VPD[demand],316.637167691679
258,VPD[stomatal],338.1594921908475
258,VPD[demand],356.6499800682745
259,VPD[stomatal],331.32357860162534
259,VPD[demand],356.2216639230115
260,VPD[stomatal],309.687567941485
260,VPD[demand],327.2655581570798
261,VPD[stomatal],336.1379457582403
261,VPD[demand],366.3676017697522
262,VPD[stomatal],371.80314030252345
262,VPD[demand],311.2622984489065
263,VPD[stomatal],303.7698253984316
263,VPD[demand],367.2274197577737
264,VPD[stomatal],338.67043881315624
264,VPD[demand],340.0883363621135
265,VPD[stomatal],269.6689384242735
265,VPD[demand],302.3557518260347
266,VPD[stomatal],346.141948861644
266,VPD[demand],372.8034295686322
267,VPD[stomatal],300.96020219327147
267,VPD[demand],338.1555743015069
268,VPD[stomatal],348.69545962241006
268,VPD[demand],366.2485883252102
269,VPD[stomatal],389.7667999717581
269,VPD[demand],333.74916888373696
270,VPD[stomatal],401.7711530257178
270,VPD[demand],331.2901266497582
271,VPD[stomatal],318.8679541177192
271,VPD[demand],306.81191276929366
272,VPD[stomatal],307.49141335346997
272,VPD[demand],365.109157628836
273,VPD[stomatal],299.7964406166404
273,VPD[demand],244.47617564290465
274,VPD[stomatal],279.17755696820444
274,VPD[demand],316.9191440400326
275,VPD[stomatal],310.69577237824126
275,VPD[demand],347.84993702199733
276,VPD[stomatal],309.98630897861193
276,VPD[demand],360.0132943885588
277,VPD[stomatal],330.97322124589175
277,VPD[demand],360.199177692715
278,VPD[stomatal],289.82777254113415
278,VPD[demand],268.8478133456796
279,VPD[stomatal],385.20209999525065
279,VPD[demand],371.2462482647623
280,VPD[stomatal],370.460753527383
280,VPD[demand],360.27602987487836
281,VPD[stomatal],297.6428613126865
281,VPD[demand],361.8183499543253
282,VPD[stomatal],376.3030158162226
282,VPD[demand],304.01978619365764
283,VPD[stomatal],334.46940082915785
283,VPD[demand],289.17847137414407
284,VPD[stomatal],347.15621979437833
284,VPD[demand],298.1672271054437
285,VPD[stomatal],303.4154427753096
285,VPD[demand],254.23967409115602
286,VPD[stomatal],266.40123141568165
286,VPD[demand],309.7961915300981
287,VPD[stomatal],315.56191299173213
287,VPD[demand],362.0886667376974
288,VPD[stomatal],285.9976637920429
288,VPD[demand],287.44412321724775
289,VPD[stomatal],304.6797705809636
289,VPD[demand],321.21019417296327
290,VPD[stomatal],343.9852773775058
290,VPD[demand],326.63687662549216
291,VPD[stomatal],326.9530125629259
291,VPD[demand],322.67191279138075
292,VPD[stomatal],302.409134989828
292,VPD[demand],273.9687749188174
293,VPD[stomatal],328.4688020951548
293,VPD[demand],360.28020608373953
294,VPD[stomatal],323.578305513595
294,VPD[demand],294.6712383975749
295,VPD[stomatal],332.01784930711824
295,VPD[demand],293.8013479637466
296,VPD[stomatal],273.09596297092673
296,VPD[demand],268.32510396228423
297,VPD[stomatal],313.65887148590764
297,VPD[demand],287.90043690821216
298,VPD[stomatal],299.297349430664
298,VPD[demand],301.39155685193805
299,VPD[stomatal],347.1316475481828
299,VPD[demand],379.6185863570619
300,VPD[stomatal],321.1178388430613
300,VPD[demand],303.5738936231171
301,VPD[stomatal],356.8709432702247
301,VPD[demand],405.6391115420701
302,VPD[stomatal],323.76341318610815
302,VPD[demand],310.4162714764514
303,VPD[stomatal],324.0979812705001
303,VPD[demand],345.6556471839276
304,VPD[stomatal],278.14126246079775
304,VPD[demand],252.3654399234004
305,VPD[stomatal],300.1036040477566
305,VPD[demand],356.9114916925351
306,VPD[stomatal],292.7806986056495
306,VPD[demand],324.87942783407925
307,VPD[stomatal],332.046260147749
307,VPD[demand],308.0003957348104
308,VPD[stomatal],341.1145304352839
308,VPD[demand],332.22674536209655
309,VPD[stomatal],309.69558390253405
309,VPD[demand],385.89229976586665
310,VPD[stomatal],295.5278774685619
310,VPD[demand],267.7032762497492
311,VPD[stomatal],301.4328774232258
311,VPD[demand],282.82957643044494
312,VPD[stomatal],326.05466843116
312,VPD[demand],306.75001700466794
313,VPD[stomatal],316.1410338008246
313,VPD[demand],353.8840526844158
314,VPD[stomatal],338.65825465753545
314,VPD[demand],342.4583288962714
315,VPD[stomatal],324.5307879027384
315,VPD[demand],368.5566077614649
316,VPD[stomatal],314.7573532452797
316,VPD[demand],287.1554468404428
317,VPD[stomatal],358.92487752116864
317,VPD[demand],347.5040824479264
318,VPD[stomatal],313.30402009692733
318,VPD[demand],350.2761651195101
319,VPD[stomatal],348.90445761988383
319,VPD[demand],275.41211628969023
320,VPD[stomatal],363.8541215995786
320,VPD[demand],319.1811701030995
321,VPD[stomatal],328.4557644693198
321,VPD[demand],342.27495498172004
322,VPD[stomatal],300.38661700559885
322,VPD[demand],329.4557814337727
323,VPD[stomatal],324.9668639323908
323,VPD[demand],354.03465492550697
324,VPD[stomatal],306.91205297526295
324,VPD[demand],302.61616799865124
325,VPD[stomatal],303.4884747605608
325,VPD[demand],282.35810171668174
326,VPD[stomatal],289.37067069336814
326,VPD[demand],311.0709161071424
327,VPD[stomatal],320.07885326187085
327,VPD[demand],271.3262467428013
328,VPD[stomatal],357.58678830876835
328,VPD[demand],273.9618440086414
329,VPD[stomatal],359.30943974567157
329,VPD[demand],390.6337336688537
330,VPD[stomatal],282.34528328423784
330,VPD[demand],315.8587744026317
331,VPD[stomatal],323.35465216454463
331,VPD[demand],342.34636197651935
332,VPD[stomatal],276.9077516647785
332,VPD[demand],272.70719661423794
333,VPD[stomatal],353.8546050527146
333,VPD[demand],346.92731144392155
334,VPD[stomatal],304.4117047085711
334,VPD[demand],290.5454350373426
335,VPD[stomatal],290.40934337842606
335,VPD[demand],340.5582558125867
336,VPD[stomatal],321.4699324571549
336,VPD[demand],312.8878601786766
337,VPD[stomatal],309.9603127935776
337,VPD[demand],298.55059888381487
338,VPD[stomatal],327.57181329852216
338,VPD[demand],281.4212043114585
339,VPD[stomatal],360.3128173711664
339,VPD[demand],332.7132293183155
340,VPD[stomatal],321.49548977133253
340,VPD[demand],336.23508557981273
341,VPD[stomatal],290.79082850451204
341,VPD[demand],304.27023837204774
342,VPD[stomatal],301.78150404647863
342,VPD[demand],345.40262394158566
343,VPD[stomatal],308.77142640784166
343,VPD[demand],356.66506679433354
344,VPD[stomatal],306.3756508065373
344,VPD[demand],347.2995870451577
345,VPD[stomatal],309.33964230350165
345,VPD[demand],296.1371510529061
346,VPD[stomatal],386.3509935614646
346,VPD[demand],393.501364044359
347,VPD[stomatal],262.77933264756683
347,VPD[demand],283.9968205553939
348,VPD[stomatal],313.6557863177822
348,VPD[demand],366.8169982217391
349,VPD[stomatal],322.92040488909976
349,VPD[demand],258.44861911496156
350,VPD[stomatal],300.73048615399057
350,VPD[demand],344.12652890998487
351,VPD[stomatal],312.68357566086786
351,VPD[demand],385.7852257297486
352,VPD[stomatal],315.1193862473264
352,VPD[demand],280.9882802404874
353,VPD[stomatal],336.76438263469475
353,VPD[demand],341.8029776568671
354,VPD[stomatal],311.62930774718956
354,VPD[demand],335.06293313343633
355,VPD[stomatal],313.1984038367455
355,VPD[demand],307.43534610352094
356,VPD[stomatal],337.1471806582134
356,VPD[demand],270.0674816295509
357,VPD[stomatal],340.00533457074357
357,VPD[demand],312.5154265576558
358,VPD[stomatal],325.8766605225498
358,VPD[demand],331.1174243921948
359,VPD[stomatal],362.56460771915664
359,VPD[demand],386.9159250267099
360,VPD[stomatal],316.4305208525479
360,VPD[demand],278.83073942516046
361,VPD[stomatal],323.67136626870644
361,VPD[demand],297.48989360914516
362,VPD[stomatal],368.0863694814229
362,VPD[demand],380.47022107144045
363,VPD[stomatal],271.84842627978884
363,VPD[demand],298.00244624386005
364,VPD[stomatal],299.90294386183473
364,VPD[demand],319.8890652612414
365,VPD[stomatal],354.6863510720193
365,VPD[demand],281.15581832421003
366,VPD[stomatal],268.4107693074472
366,VPD[demand],268.78378346936734
367,VPD[stomatal],309.82129463008624
367,VPD[demand],267.0098785279913
368,VPD[stomatal],385.5807425922295
368,VPD[demand],314.5923827582008
369,VPD[stomatal],327.21903484906306
369,VPD[demand],327.4562033974706
370,VPD[stomatal],302.6574472149378
370,VPD[demand],331.6889803256263
371,VPD[stomatal],334.4869724785318
371,VPD[demand],400.45384181177036
372,VPD[stomatal],305.5918338951513
372,VPD[demand],373.0048052363278
373,VPD[stomatal],354.5993272868649
373,VPD[demand],350.22759613701396
374,VPD[stomatal],382.001373925442
374,VPD[demand],374.01411858714664
375,VPD[stomatal],339.6337205912093
375,VPD[demand],317.3307830759433
376,VPD[stomatal],310.5628180474033
376,VPD[demand],261.3749875085794
377,VPD[stomatal],299.79549059791844
377,VPD[demand],284.7530226238119
378,VPD[stomatal],314.7153731452145
378,VPD[demand],316.75191423535574
379,VPD[stomatal],271.90569912937787
379,VPD[demand],310.6038140362608
380,VPD[stomatal],325.01387463428847
380,VPD[demand],281.1233630322295
381,VPD[stomatal],302.6626668328832
381,VPD[demand],294.6273442711546
382,VPD[stomatal],307.64884082770476
382,VPD[demand],297.01137070837405
383,VPD[stomatal],317.60863700371044
383,VPD[demand],343.28139174534016
384,VPD[stomatal],301.74787351608865
384,VPD[demand],328.35920671623734
385,VPD[stomatal],323.39202898341665
385,VPD[demand],373.6417127459892
386,VPD[stomatal],346.95961108258797
386,VPD[demand],360.8551224402136
387,VPD[stomatal],332.37261912063093
387,VPD[demand],329.670551418794
388,VPD[stomatal],304.58815396009777
388,VPD[demand],307.23415050744944
389,VPD[stomatal],347.81091105416476
389,VPD[demand],338.6400242978031
390,VPD[stomatal],350.1086558721881
390,VPD[demand],361.0949375528462
391,VPD[stomatal],308.4374830664017
391,VPD[demand],330.47992182576684
392,VPD[stomatal],336.56399356693345
392,VPD[demand],335.5217708439674
393,VPD[stomatal],316.350024823403
393,VPD[demand],317.08965356187485
394,VPD[stomatal],268.7972608868868
394,VPD[demand],304.5503948193026
395,VPD[stomatal],364.3056362150367
395,VPD[demand],419.4373099784681
396,VPD[stomatal],325.52851767798484
396,VPD[demand],322.2790281344062
397,VPD[stomatal],369.77111733192197
397,VPD[demand],323.1945620748634
398,VPD[stomatal],310.2156897283472
398,VPD[demand],316.87080475433106
399,VPD[stomatal],345.2037407471864
399,VPD[demand],338.4801759190827
400,VPD[stomatal],336.89265823045315
400,VPD[demand],349.0065092667515
401,VPD[stomatal],312.3839471079511
401,VPD[demand],322.1254645834789
402,VPD[stomatal],384.99317143710607
402,VPD[demand],357.73682273059626
403,VPD[stomatal],263.56839936897273
403,VPD[demand],253.78474031320837
404,VPD[stomatal],342.7740827497812
404,VPD[demand],297.3724845800428
405,VPD[stomatal],323.28704433134067
405,VPD[demand],381.99804280945943
406,VPD[stomatal],275.46475479013793
406,VPD[demand],320.8861819970143
407,VPD[stomatal],305.5190547998108
407,VPD[demand],263.8529008004853
408,VPD[stomatal],352.634664263362
408,VPD[demand],376.0676226139934
409,VPD[stomatal],353.2299965524186
409,VPD[demand],345.8757631084871
410,VPD[stomatal],279.49294724785506
410,VPD[demand],308.44135455404387
411,VPD[stomatal],269.2690257213902
411,VPD[demand],336.50957386221523
412,VPD[stomatal],316.33252367424456
412,VPD[demand],333.7556115010502
413,VPD[stomatal],275.2316441209234
413,VPD[demand],278.5614911086135
414,VPD[stomatal],302.0393375883508
414,VPD[demand],278.4986685477036
415,VPD[stomatal],355.2267059205011
415,VPD[demand],364.87560330665076
416,VPD[stomatal],320.28504379478755
416,VPD[demand],376.035780534331
417,VPD[stomatal],320.99175739681334
417,VPD[demand],270.6374615591808
418,VPD[stomatal],329.83776387273224
418,VPD[demand],337.03030606375154
419,VPD[stomatal],298.73968018629705
419,VPD[demand],272.6048345537215
420,VPD[stomatal],284.42001261004987
420,VPD[demand],347.99779013118587
421,VPD[stomatal],281.29939508102643
421,VPD[demand],352.21743436768577
422,VPD[stomatal],342.11282399778236
422,VPD[demand],321.3204222630988
423,VPD[stomatal],282.6617804421445
423,VPD[demand],316.5162887192559
424,VPD[stomatal],284.1028427333616
424,VPD[demand],324.10518091523267
425,VPD[stomatal],276.09216456405954
425,VPD[demand],331.26642112607806
426,VPD[stomatal],326.4544157487375
426,VPD[demand],336.22317312985535
427,VPD[stomatal],302.98322895026314
427,VPD[demand],328.9201230785716
428,VPD[stomatal],327.9539335046796
428,VPD[demand],347.96966507668554
429,VPD[stomatal],295.3145221124153
429,VPD[demand],284.8956073218692
430,VPD[stomatal],335.9355377463192
430,VPD[demand],324.54664803331167
431,VPD[stomatal],298.45904594568486
431,VPD[demand],368.23298954633435
432,VPD[stomatal],313.21347759170607
432,VPD[demand],278.78011044099645
433,VPD[stomatal],316.51355792194545
433,VPD[demand],340.4453105128471
434,VPD[stomatal],375.0125632881257
434,VPD[demand],343.6760537589566
435,VPD[stomatal],340.08855931010197
435,VPD[demand],358.5675926558752
436,VPD[stomatal],292.2356489225148
436,VPD[demand],320.40439894417005
437,VPD[stomatal],338.7200879542975
437,VPD[demand],321.82898081219065
438,VPD[stomatal],320.6853059875371
438,VPD[demand],376.01231756239235
439,VPD[stomatal],314.05129404552656
439,VPD[demand],342.45796969673785
440,VPD[stomatal],312.8116599086897
440,VPD[demand],352.8499742077527
441,VPD[stomatal],378.3581494434435
441,VPD[demand],360.9255435447455
442,VPD[stomatal],339.24837630506414
442,VPD[demand],347.9178972005585
443,VPD[stomatal],352.2454351985702
443,VPD[demand],336.9369584186601
444,VPD[stomatal],315.73469112720466
444,VPD[demand],295.8806630164714
445,VPD[stomatal],364.2298934584463
445,VPD[demand],298.31488690514794
446,VPD[stomatal],345.76014879456653
446,VPD[demand],290.6747510396852
447,VPD[stomatal],237.31470490210552
447,VPD[demand],294.73145310167155
448,VPD[stomatal],313.1335379664061
448,VPD[demand],285.3889579835921
449,VPD[stomatal],260.31728940983487
449,VPD[demand],273.14350141040745
450,VPD[stomatal],272.5460101639468
450,VPD[demand],317.32965510776097
451,VPD[stomatal],306.1367781922693
451,VPD[demand],313.2152442220714
452,VPD[stomatal],388.22686413553294
452,VPD[demand],353.87093638445043
453,VPD[stomatal],337.62143036096904
453,VPD[demand],312.2590328962021
454,VPD[stomatal],315.1017363425034
454,VPD[demand],332.6348730727244
455,VPD[stomatal],269.57647676223263
455,VPD[demand],289.3593069281526
456,VPD[stomatal],315.714328058906
456,VPD[demand],347.5662689375651
457,VPD[stomatal],346.2579335368195
457,VPD[demand],383.17542231827565
458,VPD[stomatal],277.8413447885748
458,VPD[demand],297.67309022523875
459,VPD[stomatal],380.1711323446687
459,VPD[demand],334.402011429543
460,VPD[stomatal],318.5837224279484
460,VPD[demand],322.9848124991206
461,VPD[stomatal],339.2590459562769
461,VPD[demand],318.6777740211381
462,VPD[stomatal],315.6671059927844
462,VPD[demand],341.9829469759837
463,VPD[stomatal],320.06136986502287
463,VPD[demand],294.0257796707448
464,VPD[stomatal],326.04107897316936
464,VPD[demand],317.6542621578871
465,VPD[stomatal],331.14450390062024
465,VPD[demand],345.67722654953207
466,VPD[stomatal],315.32227516726016
466,VPD[demand],322.06648686314793
467,VPD[stomatal],340.03680462468793
467,VPD[demand],338.20437905987404
468,VPD[stomatal],337.2139101205051
468,VPD[demand],335.02746222494596
469,VPD[stomatal],304.8110609745916
469,VPD[demand],301.82534154874753
470,VPD[stomatal],313.63156528546176
470,VPD[demand],276.53582647545807
471,VPD[stomatal],300.37420919307027
471,VPD[demand],325.12424579622353
472,VPD[stomatal],292.28461933815146
472,VPD[demand],296.3813614226466
473,VPD[stomatal],295.0973247150294
473,VPD[demand],310.27703698949364
474,VPD[stomatal],344.9019539286122
474,VPD[demand],331.7084555037575
475,VPD[stomatal],346.36656399796203
475,VPD[demand],330.86830905103665
476,VPD[stomatal],299.72934774910885
476,VPD[demand],383.4199063229092
477,VPD[stomatal],351.2062113725505
477,VPD[demand],323.6344585905656
478,VPD[stomatal],310.5583706093116
478,VPD[demand],283.3130498657896
479,VPD[stomatal],350.96331304168774
479,VPD[demand],345.78846804678045
480,VPD[stomatal],279.2748126474252
480,VPD[demand],309.9749830473835
481,VPD[stomatal],349.87451461461905
481,VPD[demand],355.97522494989244
482,VPD[stomatal],292.20921126454465
482,VPD[demand],309.41139684614365
483,VPD[stomatal],295.5031153196
483,VPD[demand],309.2575566588945
484,VPD[stomatal],303.25742602757146
484,VPD[demand],343.91188284518046
485,VPD[stomatal],282.92227001542255
485,VPD[demand],357.86814741251703
486,VPD[stomatal],361.2991589572811
486,VPD[demand],358.5647878103594
487,VPD[stomatal],316.29753179304373
487,VPD[demand],349.3201671213517
488,VPD[stomatal],323.35833405318925
488,VPD[demand],351.4665418339462
489,VPD[stomatal],349.7843611423519
489,VPD[demand],333.8780426159036
490,VPD[stomatal],253.42909444298675
490,VPD[demand],292.18223561546466
491,VPD[stomatal],342.374023761237
491,VPD[demand],336.4581294527872
492,VPD[stomatal],385.7875219072284
492,VPD[demand],311.681777203927
493,VPD[stomatal],327.13045225885935
493,VPD[demand],311.958762317011
494,VPD[stomatal],220.5917268522192
494,VPD[demand],304.9152663942636
495,VPD[stomatal],326.41097144628924
495,VPD[demand],351.43060883317344
496,VPD[stomatal],273.71832942035695
496,VPD[demand],300.62546399790415
497,VPD[stomatal],318.26700424905255
497,VPD[demand],387.3499955448889
498,VPD[stomatal],311.1359216519428
498,VPD[demand],365.8459530056423
499,VPD[stomatal],334.37363261479163
499,VPD[demand],296.0393803455515
500,VPD[stomatal],272.4951712824842
500,VPD[demand],298.203421266719
501,VPD[stomatal],343.09210645666695
501,VPD[demand],339.48498053202053
502,VPD[stomatal],300.85927685511774
502,VPD[demand],339.354565659587
503,VPD[stomatal],311.2488187312364
503,VPD[demand],259.96233644413104
504,VPD[stomatal],313.5327810526525
504,VPD[demand],330.2313128716855
505,VPD[stomatal],319.82944482781016
505,VPD[demand],316.9897012051447
506,VPD[stomatal],343.22137424730397
506,VPD[demand],357.19648402394694
507,VPD[stomatal],293.1855362939775
507,VPD[demand],312.4089800981816
508,VPD[stomatal],266.67818817747127
508,VPD[demand],329.7779313568898
509,VPD[stomatal],344.0575974858815
509,VPD[demand],309.8953234099243
510,VPD[stomatal],301.1554105234654
510,VPD[demand],282.6580862153238
511,VPD[stomatal],326.67716868075104
511,VPD[demand],278.5520507114472
512,VPD[stomatal],325.33822103448426
512,VPD[demand],314.89621369393564
513,VPD[stomatal],332.3425889259224
513,VPD[demand],269.6813878847257
514,VPD[stomatal],380.6675619246014
514,VPD[demand],362.02282557040485
515,VPD[stomatal],346.20476259070847
515,VPD[demand],300.322072567649
516,VPD[stomatal],328.7787219324213
516,VPD[demand],386.25215433104495
517,VPD[stomatal],282.6399079339547
517,VPD[demand],320.4094364512231
518,VPD[stomatal],315.71996959234536
518,VPD[demand],349.7525063193698
519,VPD[stomatal],279.6820431266594
519,VPD[demand],350.82075528440026
520,VPD[stomatal],283.3774915532979
520,VPD[demand],266.36515429964095
521,VPD[stomatal],331.7647048256125
521,VPD[demand],308.8325106530055
522,VPD[stomatal],244.28951227168534
522,VPD[demand],281.6614312514764
523,VPD[stomatal],349.1781319314647
523,VPD[demand],311.33469293664547
524,VPD[stomatal],319.94151433893717
524,VPD[demand],268.16474096368586
525,VPD[stomatal],346.44781774355306
525,VPD[demand],348.71522444746404
526,VPD[stomatal],344.86088754009495
526,VPD[demand],316.9669301998801
527,VPD[stomatal],304.2241041347673
527,VPD[demand],318.80704732154425
528,VPD[stomatal],326.9794112956955
528,VPD[demand],315.9772245642438
529,VPD[stomatal],323.12623735903514
529,VPD[demand],328.03776415914945
530,VPD[stomatal],284.61086621710047
530,VPD[demand],312.97666733229175
531,VPD[stomatal],275.4180766065473
531,VPD[demand],321.6474892302624
532,VPD[stomatal],325.82644736325784
532,VPD[demand],300.85592240972977
533,VPD[stomatal],337.5707812468174
533,VPD[demand],320.7480775882932
534,VPD[stomatal],347.242928638817
534,VPD[demand],272.203562137036
535,VPD[stomatal],305.9201058523278
535,VPD[demand],294.43803680764717
536,VPD[stomatal],316.05380853266604
536,VPD[demand],288.84984505378054
537,VPD[stomatal],339.68337052339166
537,VPD[demand],301.9885531692191
538,VPD[stomatal],280.37534273273593
538,VPD[demand],308.63557643863896
539,VPD[stomatal],359.1227619210605
539,VPD[demand],349.46998020800174
540,VPD[stomatal],294.21872382489056
540,VPD[demand],277.98314075626644
541,VPD[stomatal],324.0831241422036
541,VPD[demand],311.1740516739739
542,VPD[stomatal],374.2135491705747
542,VPD[demand],343.31181038230727
543,VPD[stomatal],328.6140968936676
543,VPD[demand],298.5217041442441
544,VPD[stomatal],245.15012134583077
544,VPD[demand],307.7270185651702
545,VPD[stomatal],302.4367598163501
545,VPD[demand],350.7253616870233
546,VPD[stomatal],347.7169357561519
546,VPD[demand],319.4378703579352
547,VPD[stomatal],329.0201810264841
547,VPD[demand],414.1718777203
548,VPD[stomatal],261.2091929724329
548,VPD[demand],320.5805881915827
549,VPD[stomatal],281.16859508311546
549,VPD[demand],289.38471788184364
550,VPD[stomatal],325.8302071294355
550,VPD[demand],284.63085084185786
551,VPD[stomatal],350.12942592251994
551,VPD[demand],396.477667124476
552,VPD[stomatal],321.19132376985897
552,VPD[demand],286.1019193036336
553,VPD[stomatal],328.2775448756265
553,VPD[demand],324.45561260095644
554,VPD[stomatal],342.9104484889741
554,VPD[demand],312.1962318594548
555,VPD[stomatal],280.12612807349325
555,VPD[demand],311.7166085892852
556,VPD[stomatal],348.702637095728
556,VPD[demand],273.92036274180083
557,VPD[stomatal],362.2162221007761
557,VPD[demand],371.9835181134579
558,VPD[stomatal],346.9518187379552
558,VPD[demand],314.2664836292279
559,VPD[stomatal],353.49958993512274
559,VPD[demand],364.318296241184
560,VPD[stomatal],281.1517630569066
560,VPD[demand],329.1087950184642
561,VPD[stomatal],318.6771125193778
561,VPD[demand],274.68316686974686
562,VPD[stomatal],343.9719030298128
562,VPD[demand],394.5028095772521
563,VPD[stomatal],315.73732636810416
563,VPD[demand],330.5358263824027
564,VPD[stomatal],295.94599953864474
564,VPD[demand],223.8213642075611
565,VPD[stomatal],339.10134908465125
565,VPD[demand],391.2878010011807
566,VPD[stomatal],310.61697265507985
566,VPD[demand],345.62084584346644
567,VPD[stomatal],324.16023081731794
567,VPD[demand],306.83711640614405
568,VPD[stomatal],331.2357275768908
568,VPD[demand],323.45896491378556
569,VPD[stomatal],330.93191075096564
569,VPD[demand],320.1729676735144
570,VPD[stomatal],324.18092539586104
570,VPD[demand],333.0244067767702
571,VPD[stomatal],298.32635736221386
571,VPD[demand],351.00580670288434
572,VPD[stomatal],355.53677268784804
572,VPD[demand],329.1851941697959
573,VPD[stomatal],334.21922908859807
573,VPD[demand],336.1999249501566
574,VPD[stomatal],315.77634544508186
574,VPD[demand],315.5510964726332
575,VPD[stomatal],323.43569044045984
575,VPD[demand],307.05750445602285
576,VPD[stomatal],300.6446401896457
576,VPD[demand],298.7047431290728
577,VPD[stomatal],339.4922237361635
577,VPD[demand],318.77976462888415
578,VPD[stomatal],326.2324963034182
578,VPD[demand],368.84913955005885
579,VPD[stomatal],342.6623145752493
579,VPD[demand],345.82643379963974
580,VPD[stomatal],316.0594855961523
580,VPD[demand],321.00080344879393
581,VPD[stomatal],284.07131343203065
581,VPD[demand],318.6268918143483
582,VPD[stomatal],292.5564063187305
582,VPD[demand],268.033536480019
583,VPD[stomatal],282.4978273775883
583,VPD[demand],287.2470544679458
584,VPD[stomatal],334.00022049164096
584,VPD[demand],347.0198497865219
585,VPD[stomatal],335.84587840502076
585,VPD[demand],278.32992584760734
586,VPD[stomatal],342.9057417155766
586,VPD[demand],316.8637490596341
587,VPD[stomatal],334.31711504323715
587,VPD[demand],350.8036056837904
588,VPD[stomatal],299.93468376043415
588,VPD[demand],270.85378942953986
589,VPD[stomatal],292.3410213401041
589,VPD[demand],311.83499510405545
590,VPD[stomatal],359.2419506392795
590,VPD[demand],358.15804069400696
591,VPD[stomatal],253.30892460747174
591,VPD[demand],349.275419049027
592,VPD[stomatal],330.17848888889773
592,VPD[demand],316.2197968522887
593,VPD[stomatal],348.8751397000941
593,VPD[demand],352.1641705858181
594,VPD[stomatal],318.37660929490823
594,VPD[demand],311.92535200301694
595,VPD[stomatal],357.82519452897003
595,VPD[demand],309.98294554616274
596,VPD[stomatal],348.56487250047496
596,VPD[demand],297.2822223000576
597,VPD[stomatal],298.61051268225214
597,VPD[demand],304.3590747982652
598,VPD[stomatal],290.3868396694441
598,VPD[demand],295.60929671766877
599,VPD[stomatal],331.9195749393005
599,VPD[demand],366.40549568792454
600,VPD[stomatal],344.1158852173249
600,VPD[demand],323.3562611048405
601,VPD[stomatal],290.65003629789754
601,VPD[demand],353.1601719934381
602,VPD[stomatal],329.10844612407413
602,VPD[demand],318.3669620780277
603,VPD[stomatal],302.71044595739323
603,VPD[demand],293.0584677264988
604,VPD[stomatal],320.51179016834647
604,VPD[demand],328.97553489766955
605,VPD[stomatal],310.99572247282003
605,VPD[demand],328.99191481844366
606,VPD[stomatal],287.89744317070813
606,VPD[demand],287.65921870541865
607,VPD[stomatal],305.09639056297976
607,VPD[demand],307.7927453416072
608,VPD[stomatal],319.30936360663446
608,VPD[demand],315.1115749229167
609,VPD[stomatal],332.14542910892766
609,VPD[demand],341.78290215332834
610,VPD[stomatal],352.3800172773766
610,VPD[demand],378.2069349117601
611,VPD[stomatal],374.2424439482394
611,VPD[demand],332.99673715304726
612,VPD[stomatal],239.5033118128323
612,VPD[demand],274.23659484526206
613,VPD[stomatal],309.3925157761065
613,VPD[demand],321.83327623163353
614,VPD[stomatal],330.4621709198905
614,VPD[demand],351.153192519604
615,VPD[stomatal],296.45639809212406
615,VPD[demand],380.45640345022633
616,VPD[stomatal],320.3938219588404
616,VPD[demand],327.59181712991943
617,VPD[stomatal],335.58965827276717
617,VPD[demand],309.09705664244245
618,VPD[stomatal],375.18750680135497
618,VPD[demand],344.76368157079537
619,VPD[stomatal],332.99246481126403
619,VPD[demand],327.3632505080497
620,VPD[stomatal],269.46954650630687
620,VPD[demand],337.80997375143215
621,VPD[stomatal],323.3668527563992
621,VPD[demand],322.57580794913974
622,VPD[stomatal],322.92693593947115
622,VPD[demand],315.91391098744214
623,VPD[stomatal],284.03828945743044
623,VPD[demand],268.78553239279466
624,VPD[stomatal],353.4017141994114
624,VPD[demand],308.9594135405148
625,VPD[stomatal],318.02383057312727
625,VPD[demand],336.07513358193563
626,VPD[stomatal],315.0644578237959
626,VPD[demand],312.2389774684404
627,VPD[stomatal],314.0867460851279
627,VPD[demand],317.24020523239085
628,VPD[stomatal],286.94775499343075
628,VPD[demand],349.3494058981168
629,VPD[stomatal],297.9346274588275
629,VPD[demand],298.2845286524902
630,VPD[stomatal],378.70913815193
630,VPD[demand],323.48833671413234
631,VPD[stomatal],332.2307828579308
631,VPD[demand],322.7090800169368
632,VPD[stomatal],356.5822457758608
632,VPD[demand],338.6935368693887
633,VPD[stomatal],386.1518028115944
633,VPD[demand],350.1740623757182
634,VPD[stomatal],340.1273309670323
634,VPD[demand],392.93913677734264
635,VPD[stomatal],320.71673932027835
635,VPD[demand],335.63329700882883
636,VPD[stomatal],361.629298179909
636,VPD[demand],343.44814513383074
637,VPD[stomatal],349.8451436351043
637,VPD[demand],399.5762963516134
638,VPD[stomatal],349.1147459806298
638,VPD[demand],357.2571404844336
639,VPD[stomatal],300.95510859593287
639,VPD[demand],403.5763141829251
640,VPD[stomatal],274.2876960493931
640,VPD[demand],322.98363830072543
641,VPD[stomatal],258.30626281513463
641,VPD[demand],337.6250515393114
642,VPD[stomatal],325.9128360360148
642,VPD[demand],311.95846432138285
643,VPD[stomatal],341.9283215931778
643,VPD[demand],375.3697467503029
644,VPD[stomatal],305.3784033996072
644,VPD[demand],334.7747616643253
645,VPD[stomatal],340.6424105113931
645,VPD[demand],344.70753396457053
646,VPD[stomatal],326.8439659220222
646,VPD[demand],285.6958985284307
647,VPD[stomatal],332.21659922558354
647,VPD[demand],355.0228137115705
648,VPD[stomatal],354.16955958621116
648,VPD[demand],310.27055975473223
649,VPD[stomatal],290.55065388832253
649,VPD[demand],304.219018461104
650,VPD[stomatal],327.91310174415116
650,VPD[demand],308.24917821753496
651,VPD[stomatal],360.5190796282911
651,VPD[demand],333.776979563185
652,VPD[stomatal],290.6821856414605
652,VPD[demand],319.5066435782644
653,VPD[stomatal],336.5709014004436
653,VPD[demand],395.5720852400321
654,VPD[stomatal],313.2233610350905
654,VPD[demand],359.11086020541995
655,VPD[stomatal],351.129539446827
655,VPD[demand],336.0531337347846
656,VPD[stomatal],324.37549834831293
656,VPD[demand],315.67931237675145
657,VPD[stomatal],339.0326422784523
657,VPD[demand],341.8568966587181
658,VPD[stomatal],324.24516051688636
658,VPD[demand],330.98908064149487
659,VPD[stomatal],363.1130176015018
659,VPD[demand],316.3470091908582
660,VPD[stomatal],279.07005220934985
660,VPD[demand],286.8207008904306
661,VPD[stomatal],295.15122141086545
661,VPD[demand],244.62057074358643
662,VPD[stomatal],251.3195159092321
662,VPD[demand],251.60254085556636
663,VPD[stomatal],343.9714565171243
663,VPD[demand],321.7732121427487
664,VPD[stomatal],301.8191603934145
664,VPD[demand],275.89060612542715
665,VPD[stomatal],352.2238515546792
665,VPD[demand],399.72123453169155
666,VPD[stomatal],340.7186815093219
666,VPD[demand],317.7246802145237
667,VPD[stomatal],318.5164209842093
667,VPD[demand],271.6785044224514
668,VPD[stomatal],345.0407471163812
668,VPD[demand],353.04449622767464
669,VPD[stomatal],346.0553537796741
669,VPD[demand],317.41544708276587
670,VPD[stomatal],315.3217630443457
670,VPD[demand],325.98506235672596
671,VPD[stomatal],292.29253782706905
671,VPD[demand],322.4596960794623
672,VPD[stomatal],291.0560116493269
672,VPD[demand],379.0183099280905
673,VPD[stomatal],344.4778534989182
673,VPD[demand],309.3482723498522
674,VPD[stomatal],293.9840570960409
674,VPD[demand],299.2687229042401
675,VPD[stomatal],295.9727668583758
675,VPD[demand],290.4492636682612
676,VPD[stomatal],331.3199901179426
676,VPD[demand],330.04353509168686
677,VPD[stomatal],336.4056608548135
677,VPD[demand],314.5121738688786
678,VPD[stomatal],270.1354616866569
678,VPD[demand],287.64569775512837
679,VPD[stomatal],374.04086741897305
679,VPD[demand],328.13682435170216
680,VPD[stomatal],326.99573783480645
680,VPD[demand],344.3099965638203
681,VPD[stomatal],304.1048308201204
681,VPD[demand],328.5526633279215
682,VPD[stomatal],329.54972921470426
682,VPD[demand],290.9307830411247
683,VPD[stomatal],362.67662488088456
683,VPD[demand],407.4364732196645
684,VPD[stomatal],319.83236927783906
684,VPD[demand],302.80211529272793
685,VPD[stomatal],334.40553474975
685,VPD[demand],326.80505188346046
686,VPD[stomatal],319.1576171673618
686,VPD[demand],331.14336770188885
687,VPD[stomatal],293.9702685091898
687,VPD[demand],274.4775876332492
688,VPD[stomatal],339.1928499100846
688,VPD[demand],368.4095228103883
689,VPD[stomatal],368.0816420690785
689,VPD[demand],312.31761175137865
690,VPD[stomatal],340.4436800109603
690,VPD[demand],353.4941953043774
691,VPD[stomatal],331.1076812127728
691,VPD[demand],340.92210524648243
692,VPD[stomatal],307.09957866383184
692,VPD[demand],314.6246299560102
693,VPD[stomatal],353.34489650021453
693,VPD[demand],344.541535388143
694,VPD[stomatal],293.8023267399737
694,VPD[demand],294.559039321391
695,VPD[stomatal],348.18027815566984
695,VPD[demand],384.78836862145624
696,VPD[stomatal],281.1712119536891
696,VPD[demand],313.94811318290834
697,VPD[stomatal],343.77875064641444
697,VPD[demand],289.4005177315278
698,VPD[stomatal],335.97161696034766
698,VPD[demand],284.70860720981693
699,VPD[stomatal],321.77645319759984
699,VPD[demand],308.67231387805134
700,VPD[stomatal],313.9178448243651
700,VPD[demand],301.42322473837464
701,VPD[stomatal],328.4482284182743
701,VPD[demand],359.92567912548793
702,VPD[stomatal],386.53252548293693
702,VPD[demand],295.4776187605505
703,VPD[stomatal],322.8241669815852
703,VPD[demand],303.75714539341135
704,VPD[stomatal],349.53033983148634
704,VPD[demand],323.05752945491344
705,VPD[stomatal],295.7797472044442
705,VPD[demand],291.92656418189506
706,VPD[stomatal],328.33354808863623
706,VPD[demand],403.71871666415706
707,VPD[stomatal],311.6127920320336
707,VPD[demand],326.7735598251863
708,VPD[stomatal],268.9256790010746
708,VPD[demand],342.07108152889487
709,VPD[stomatal],299.14831398253386
709,VPD[demand],301.17424611108925
710,VPD[stomatal],309.3835283236234
710,VPD[demand],320.19002801095803
711,VPD[stomatal],345.7913645658407
711,VPD[demand],310.5436316408008
712,VPD[stomatal],337.044043560461
712,VPD[demand],338.0473503856751
713,VPD[stomatal],293.12881699047205
713,VPD[demand],281.9758045298032
714,VPD[stomatal],363.4116950342846
714,VPD[demand],379.6019716570833
715,VPD[stomatal],298.8569300769658
715,VPD[demand],369.2048981088184
716,VPD[stomatal],313.0861774942886
716,VPD[demand],368.8530975879613
717,VPD[stomatal],251.1627568186929
717,VPD[demand],316.0370876950046
718,VPD[stomatal],340.9862345846841
718,VPD[demand],313.0040939793949
719,VPD[stomatal],324.61731494287704
719,VPD[demand],310.7279266436646
720,VPD[stomatal],285.81197078574576
720,VPD[demand],298.851061482711
721,VPD[stomatal],346.3365676318431
721,VPD[demand],320.03983681405714
722,VPD[stomatal],357.00750127680254
722,VPD[demand],304.74648476406395
723,VPD[stomatal],371.4715424861772
723,VPD[demand],307.1828257357526
724,VPD[stomatal],335.53504971106815
724,VPD[demand],310.46756720701717
725,VPD[stomatal],325.6312919468505
725,VPD[demand],295.3157595212925
726,VPD[stomatal],278.7409257068951
726,VPD[demand],307.92395268000166
727,VPD[stomatal],302.37172431306317
727,VPD[demand],348.8488594951311
728,VPD[stomatal],315.4032113507748
728,VPD[demand],301.6047575392069
729,VPD[stomatal],263.82322127244305
729,VPD[demand],331.3392803967046
730,VPD[stomatal],300.64548457425775
730,VPD[demand],341.4651419291093
731,VPD[stomatal],285.90268145706204
731,VPD[demand],314.6953558100756
732,VPD[stomatal],365.06881523237973
732,VPD[demand],352.28324275694376
733,VPD[stomatal],340.65466942527195
733,VPD[demand],386.1943969648248
734,VPD[stomatal],328.8442403694401
734,VPD[demand],304.4711056987259
735,VPD[stomatal],373.5707049130168
735,VPD[demand],306.61495210451716
736,VPD[stomatal],279.95606629705793
736,VPD[demand],293.3644320929812
737,VPD[stomatal],296.4837988360811
737,VPD[demand],293.8689652397159
738,VPD[stomatal],347.99307501177833
738,VPD[demand],322.84178609429296
739,VPD[stomatal],284.79595723195246
739,VPD[demand],356.2563010658878
740,VPD[stomatal],303.8914099665868
740,VPD[demand],273.92555489096037
741,VPD[stomatal],290.747966188148
741,VPD[demand],288.995731792429
742,VPD[stomatal],299.2631388635734
742,VPD[demand],295.61360268720364
743,VPD[stomatal],350.3357767844583
743,VPD[demand],358.6897307398707
744,VPD[stomatal],367.5117218562356
744,VPD[demand],375.9075663503205
745,VPD[stomatal],356.3448691290934
745,VPD[demand],375.4803818574517
746,VPD[stomatal],323.0277557092691
746,VPD[demand],271.00476764720247
747,VPD[stomatal],352.5054247833305
747,VPD[demand],299.43749066734557
748,VPD[stomatal],321.22916452983736
748,VPD[demand],320.58894370483847
749,VPD[stomatal],338.0315490371714
749,VPD[demand],309.51002543059326
750,VPD[stomatal],297.11690538299297
750,VPD[demand],353.2939126746347
751,VPD[stomatal],342.17224244420834
751,VPD[demand],383.00375324188275
752,VPD[stomatal],329.09217401303545
752,VPD[demand],311.8690294677074
753,VPD[stomatal],232.66780421351848
753,VPD[demand],289.8299511108032
754,VPD[stomatal],293.43061467529134
754,VPD[demand],325.7745463918981
755,VPD[stomatal],340.41703607256625
755,VPD[demand],336.17774123151673
756,VPD[stomatal],369.836714721293
756,VPD[demand],374.2702192092915
757,VPD[stomatal],324.52609795622095
757,VPD[demand],355.10659192537463
758,VPD[stomatal],303.90160583041154
758,VPD[demand],283.76020175407473
759,VPD[stomatal],311.5637571013727
759,VPD[demand],305.5129442127633
760,VPD[stomatal],309.0743404942042
760,VPD[demand],340.82945501094656
761,VPD[stomatal],308.2202285341799
761,VPD[demand],289.77546919915426
762,VPD[stomatal],224.92166226061482
762,VPD[demand],311.46328798880705
763,VPD[stomatal],346.6113298468994
763,VPD[demand],335.4283975632484
764,VPD[stomatal],299.4167034646052
764,VPD[demand],330.500136322187
765,VPD[stomatal],367.9104874153833
765,VPD[demand],415.93751721028303
766,VPD[stomatal],329.1608721318138
766,VPD[demand],388.13906355858904
767,VPD[stomatal],363.0767094443672
767,VPD[demand],374.3325677410617
768,VPD[stomatal],343.85580590076694
768,VPD[demand],375.83206053452056
769,VPD[stomatal],288.4092453143681
769,VPD[demand],361.18731083722633
770,VPD[stomatal],358.1051280792844
770,VPD[demand],336.6534603933831
771,VPD[stomatal],330.4692611546755
771,VPD[demand],307.55650703901046
772,VPD[stomatal],331.5941344880351
772,VPD[demand],344.49601171621316
773,VPD[stomatal],309.5633571527865
773,VPD[demand],354.26892229067226
774,VPD[stomatal],296.73305765499776
774,VPD[demand],302.36388766605563
775,VPD[stomatal],367.62053485548773
775,VPD[demand],338.1694965751606
776,VPD[stomatal],307.5472420838123
776,VPD[demand],336.61935919202733
777,VPD[stomatal],352.0180307194068
777,VPD[demand],386.03910088444894
778,VPD[stomatal],347.82299409002906
778,VPD[demand],329.1325412111149
779,VPD[stomatal],338.58750299224096
779,VPD[demand],323.19027894985857
780,VPD[stomatal],351.07002036870534
780,VPD[demand],350.1986432421578
781,VPD[stomatal],339.1499885119061
781,VPD[demand],331.87358978781856
782,VPD[stomatal],352.4540530970644
782,VPD[demand],264.68011841451073
783,VPD[stomatal],300.8962035230655
783,VPD[demand],304.9274840900986
784,VPD[stomatal],345.59725080839263
784,VPD[demand],316.4344299408389
785,VPD[stomatal],339.92479542934535
785,VPD[demand],355.55440919116137
786,VPD[stomatal],314.9854618309996
786,VPD[demand],308.740021189802
787,VPD[stomatal],340.02041176988797
787,VPD[demand],338.9215171624475
788,VPD[stomatal],345.8405853836682
788,VPD[demand],328.01785945345614
789,VPD[stomatal],275.4911750409129
789,VPD[demand],346.305386163818
790,VPD[stomatal],301.6685328455524
790,VPD[demand],312.958969290065
791,VPD[stomatal],366.8944328891735
791,VPD[demand],323.70103433901966
792,VPD[stomatal],334.2733774282599
792,VPD[demand],349.4088639610995
793,VPD[stomatal],339.6855760845698
793,VPD[demand],311.56367525513355
794,VPD[stomatal],319.19998231995135
794,VPD[demand],316.33758969948747
795,VPD[stomatal],311.3969119193896
795,VPD[demand],323.878165756463
796,VPD[stomatal],344.2519563133108
796,VPD[demand],349.0853178108855
797,VPD[stomatal],279.63900215508966
797,VPD[demand],323.2298385874812
798,VPD[stomatal],354.03193950116645
798,VPD[demand],298.96871298908826
799,VPD[stomatal],328.5776897148944
799,VPD[demand],311.5741632941009
800,VPD[stomatal],349.0611387672949
800,VPD[demand],321.9480306782307
801,VPD[stomatal],316.55027510639576
801,VPD[demand],346.4064655847077
802,VPD[stomatal],316.6978176680619
802,VPD[demand],338.54715811746235
803,VPD[stomatal],290.1806779560773
803,VPD[demand],346.46833589393566
804,VPD[stomatal],343.83297541325936
804,VPD[demand],394.13239383063376
805,VPD[stomatal],315.32195873792074
805,VPD[demand],370.0856175334661
806,VPD[stomatal],312.5160172322888
806,VPD[demand],341.03577029106725
807,VPD[stomatal],348.8364334408657
807,VPD[demand],337.240970743355
808,VPD[stomatal],326.09151771877595
808,VPD[demand],296.2254320194065
809,VPD[stomatal],322.8736057021469
809,VPD[demand],310.0668718903047
810,VPD[stomatal],331.27701087162575
810,VPD[demand],408.05800177380604
811,VPD[stomatal],263.98254713991486
811,VPD[demand],245.96373724574153
812,VPD[stomatal],286.6922942792013
812,VPD[demand],283.1014342827369
813,VPD[stomatal],303.378546002191
813,VPD[demand],329.2053189604715
814,VPD[stomatal],285.7917684171562
814,VPD[demand],320.27377945149465
815,VPD[stomatal],272.91119062538297
815,VPD[demand],318.9492914636756
816,VPD[stomatal],389.16581135192837
816,VPD[demand],311.318959020664
817,VPD[stomatal],330.22896629330364
817,VPD[demand],302.765267349189
818,VPD[stomatal],289.01856049756105
818,VPD[demand],316.391593865819
819,VPD[stomatal],352.5036644369707
819,VPD[demand],323.41128893776386
820,VPD[stomatal],323.1934951718988
820,VPD[demand],355.5937090739794
821,VPD[stomatal],346.9377150357137
821,VPD[demand],298.4744506466552
822,VPD[stomatal],314.32710614658737
822,VPD[demand],273.64591427146223
823,VPD[stomatal],359.1718225362597
823,VPD[demand],402.09819349357343
824,VPD[stomatal],311.7308850637586
824,VPD[demand],319.46342811398597
825,VPD[stomatal],398.89225571026964
825,VPD[demand],322.4375176492087
826,VPD[stomatal],317.73692569932837
826,VPD[demand],280.84860245396857
827,VPD[stomatal],301.0817887899349
827,VPD[demand],304.1851601234956
828,VPD[stomatal],321.4731229067555
828,VPD[demand],340.800183681026
829,VPD[stomatal],368.06258924317143
829,VPD[demand],305.9269888442222
830,VPD[stomatal],330.2721819134025
830,VPD[demand],284.9553633567937
831,VPD[stomatal],311.35843306491137
831,VPD[demand],340.1337370697012
832,VPD[stomatal],330.4695728795828
832,VPD[demand],288.9616924083437
833,VPD[stomatal],327.70303144010825
833,VPD[demand],305.07325461438137
834,VPD[stomatal],356.2954717609743
834,VPD[demand],338.10099046361705
835,VPD[stomatal],311.38834644409815
835,VPD[demand],336.8426299149767
836,VPD[stomatal],341.1059696191466
836,VPD[demand],381.03219303926255
837,VPD[stomatal],285.47017803952707
837,VPD[demand],304.34916840027074
838,VPD[stomatal],308.8578313971246
838,VPD[demand],344.7958688195686
839,VPD[stomatal],352.14513485129993
839,VPD[demand],389.7048400029406
840,VPD[stomatal],314.38298816168054
840,VPD[demand],333.1929336635313
841,VPD[stomatal],259.44504924379555
841,VPD[demand],254.8732555979343
842,VPD[stomatal],290.3848608963041
842,VPD[demand],359.2259308736182
843,VPD[stomatal],340.3964171671388
843,VPD[demand],315.3748534947561
844,VPD[stomatal],310.781592107328
844,VPD[demand],316.0284684144591
845,VPD[stomatal],339.59871558879826
845,VPD[demand],340.17391168195826
846,VPD[stomatal],304.9175200328232
846,VPD[demand],289.20511869730234
847,VPD[stomatal],329.2451306470477
847,VPD[demand],326.7786291204675
848,VPD[stomatal],357.9346128291928
848,VPD[demand],298.24514201873166
849,VPD[stomatal],263.19926996336613
849,VPD[demand],254.01976126722371
850,VPD[stomatal],328.2126489954351
850,VPD[demand],364.3529725888137
851,VPD[stomatal],289.55035340628876
851,VPD[demand],329.06354869259894
852,VPD[stomatal],320.50681803911505
852,VPD[demand],296.39977581569644
853,VPD[stomatal],332.68266299869384
853,VPD[demand],292.6937359771795
854,VPD[stomatal],307.0058387380777
854,VPD[demand],277.6772612664902
855,VPD[stomatal],321.56611611417827
855,VPD[demand],331.78548198279304
856,VPD[stomatal],320.4233438320963
856,VPD[demand],360.7680169569128
857,VPD[stomatal],309.78884924849007
857,VPD[demand],302.4022274942107
858,VPD[stomatal],285.62182783128674
858,VPD[demand],248.51672514809496
859,VPD[stomatal],286.08396506895053
859,VPD[demand],270.9176396805676
860,VPD[stomatal],354.72358714055986
860,VPD[demand],402.0248029602847
861,VPD[stomatal],281.55326352300335
861,VPD[demand],377.62117372170314
862,VPD[stomatal],324.50663197822035
862,VPD[demand],351.20470132633466
863,VPD[stomatal],305.59467696478947
863,VPD[demand],315.9675895890006
864,VPD[stomatal],340.89017123043595
864,VPD[demand],365.7934495824553
865,VPD[stomatal],361.7872182339758
865,VPD[demand],329.78014960784554
866,VPD[stomatal],326.6748891462076
866,VPD[demand],312.7711509862497
867,VPD[stomatal],304.92058349893955
867,VPD[demand],305.48619580794735
868,VPD[stomatal],301.60425645931326
868,VPD[demand],363.25150084057356
869,VPD[stomatal],331.01372712495225
869,VPD[demand],295.33606023065045
870,VPD[stomatal],287.2855336340577
870,VPD[demand],375.80175153982833
871,VPD[stomatal],348.91974682943857
871,VPD[demand],340.77999091457514
872,VPD[stomatal],306.9363690415498
872,VPD[demand],345.32034272673036
873,VPD[stomatal],338.63542721940564
873,VPD[demand],327.4744373208863
874,VPD[stomatal],293.5171864365617
874,VPD[demand],335.52548568956286
875,VPD[stomatal],330.25511502651864
875,VPD[demand],334.11624862146033
876,VPD[stomatal],322.0725864900023
876,VPD[demand],366.2578132951402
877,VPD[stomatal],290.4945219910122
877,VPD[demand],331.1563840301114
878,VPD[stomatal],320.14368915223844
878,VPD[demand],349.4907142108944
879,VPD[stomatal],283.7378794367828
879,VPD[demand],335.58094708354656
880,VPD[stomatal],279.77703518910937
880,VPD[demand],297.7457324463174
881,VPD[stomatal],349.8486469285996
881,VPD[demand],282.76622218150175
882,VPD[stomatal],314.2709867883649
882,VPD[demand],353.3846940283732
883,VPD[stomatal],339.7105120462527
883,VPD[demand],314.85569140648937
884,VPD[stomatal],317.31828838589195
884,VPD[demand],304.6151018844803
885,VPD[stomatal],278.1854574222901
885,VPD[demand],373.3250119193783
886,VPD[stomatal],339.28468814409155
886,VPD[demand],360.33635707602144
887,VPD[stomatal],324.9702493891878
887,VPD[demand],348.70245582984734
888,VPD[stomatal],290.5289125609231
888,VPD[demand],341.9271181867877
889,VPD[stomatal],328.0313056884711
889,VPD[demand],304.7286506605601
890,VPD[stomatal],311.82397798177044
890,VPD[demand],298.0911996037076
891,VPD[stomatal],317.25868304240146
891,VPD[demand],321.88920911749085
892,VPD[stomatal],334.0511436590488
892,VPD[demand],305.13442490901383
893,VPD[stomatal],284.2555310639332
893,VPD[demand],345.58374908108
894,VPD[stomatal],339.44147631438017
894,VPD[demand],337.82928421465795
895,VPD[stomatal],255.0774981245824
895,VPD[demand],305.1278266587837
896,VPD[stomatal],356.77267069694324
896,VPD[demand],356.35282508196053
897,VPD[stomatal],297.0248561107393
897,VPD[demand],318.8067139999673
898,VPD[stomatal],311.42017204264675
898,VPD[demand],303.2628829214667
899,VPD[stomatal],301.75806173100267
899,VPD[demand],294.8287853699144
900,VPD[stomatal],301.50474685708906
900,VPD[demand],316.1014378497022
901,VPD[stomatal],302.64654866742046
901,VPD[demand],316.1965941137275
902,VPD[stomatal],343.94418846402664
902,VPD[demand],353.3390364676872
903,VPD[stomatal],315.0407521743047
903,VPD[demand],327.7621788409617
904,VPD[stomatal],315.4664268784147
904,VPD[demand],372.96722093867356
905,VPD[stomatal],303.35549695678145
905,VPD[demand],310.0085298043188
906,VPD[stomatal],277.48500631856774
906,VPD[demand],251.663195594488
907,VPD[stomatal],361.851797874326
907,VPD[demand],348.5343095826847
908,VPD[stomatal],299.42980422690664
908,VPD[demand],306.2359905372927
909,VPD[stomatal],333.9165057228057
909,VPD[demand],286.7612123573184
910,VPD[stomatal],314.51780155176357
910,VPD[demand],275.36651780829976
911,VPD[stomatal],361.33861462859085
911,VPD[demand],369.1448908255563
912,VPD[stomatal],291.4679225943259
912,VPD[demand],286.7155631640186
913,VPD[stomatal],306.4426770587873
913,VPD[demand],378.5065381488464
914,VPD[stomatal],311.02041862892065
914,VPD[demand],342.09236723827826
915,VPD[stomatal],275.10623826927997
915,VPD[demand],331.4089466570654
916,VPD[stomatal],327.0607718687342
916,VPD[demand],320.98037175644737
917,VPD[stomatal],269.411459895709
917,VPD[demand],324.45472223404755
918,VPD[stomatal],308.7613920854176
918,VPD[demand],353.1727184730157
919,VPD[stomatal],296.9996965695279
919,VPD[demand],351.15818142893346
920,VPD[stomatal],337.37300915522394
920,VPD[demand],309.5064967409129
921,VPD[stomatal],323.7472433021424
921,VPD[demand],306.3250399709926
922,VPD[stomatal],344.31902148061505
922,VPD[demand],422.3870105841842
923,VPD[stomatal],326.0278515840655
923,VPD[demand],333.93016773110514
924,VPD[stomatal],340.13180230831966
924,VPD[demand],345.6976948412216
925,VPD[stomatal],324.6716012204545
925,VPD[demand],298.69913880413185
926,VPD[stomatal],324.66808336501055
926,VPD[demand],353.05560890570916
927,VPD[stomatal],330.4119108304135
927,VPD[demand],323.94367038558204
928,VPD[stomatal],302.8389715148253
928,VPD[demand],277.46133987503435
929,VPD[stomatal],283.3939310343576
929,VPD[demand],248.5928017208994
930,VPD[stomatal],368.9362879938512
930,VPD[demand],323.0539463735741
931,VPD[stomatal],290.70246596944287
931,VPD[demand],301.80188921522785
932,VPD[stomatal],322.89255631608927
932,VPD[demand],278.2023953214002
933,VPD[stomatal],326.64534379766457
933,VPD[demand],302.48134466415456
934,VPD[stomatal],380.88403191572684
934,VPD[demand],304.5992816847238
935,VPD[stomatal],317.2085273935502
935,VPD[demand],312.01841505459754
936,VPD[stomatal],324.8579577483591
936,VPD[demand],349.79951287566064
937,VPD[stomatal],328.75131976578547
937,VPD[demand],276.89798416607516
938,VPD[stomatal],311.592457782753
938,VPD[demand],364.34636118181317
939,VPD[stomatal],330.768160956618
939,VPD[demand],338.2942234504577
940,VPD[stomatal],337.2645955105707
940,VPD[demand],354.41251430953787
941,VPD[stomatal],319.930535855755
941,VPD[demand],293.84805246040384
942,VPD[stomatal],328.11483662610766
942,VPD[demand],316.880863652829
943,VPD[stomatal],299.58068420663585
943,VPD[demand],348.20660016511766
944,VPD[stomatal],290.3422307227039
944,VPD[demand],264.1335938499948
945,VPD[stomatal],324.2871613112212
945,VPD[demand],340.39276366562194
946,VPD[stomatal],318.3744783766401
946,VPD[demand],319.3680434859593
947,VPD[stomatal],282.7752036968919
947,VPD[demand],343.3910853595453
948,VPD[stomatal],272.37404879253205
948,VPD[demand],281.18623046173974
949,VPD[stomatal],298.8784484321489
949,VPD[demand],295.3042429059604
950,VPD[stomatal],381.46726708185946
950,VPD[demand],350.7217473281766
951,VPD[stomatal],299.0478415314662
951,VPD[demand],361.8875804470952
952,VPD[stomatal],333.8259668369837
952,VPD[demand],334.51052305201364
953,VPD[stomatal],305.0813359153767
953,VPD[demand],254.71892663233785
954,VPD[stomatal],322.07001103136986
954,VPD[demand],327.31719874115805
955,VPD[stomatal],327.7705295914986
955,VPD[demand],330.8815008291165
956,VPD[stomatal],318.9709401061787
956,VPD[demand],359.8389337193271
957,VPD[stomatal],349.4359280215965
957,VPD[demand],382.05495282882043
958,VPD[stomatal],326.8723874097975
958,VPD[demand],321.4192247381859
959,VPD[stomatal],294.5363995752719
959,VPD[demand],306.98580128843844
960,VPD[stomatal],334.7261783478514
960,VPD[demand],313.26511461293427
961,VPD[stomatal],232.70234348580448
961,VPD[demand],225.3090218581603
962,VPD[stomatal],330.5092696045079
962,VPD[demand],311.39035372521477
963,VPD[stomatal],319.7506803854159
963,VPD[demand],328.3343385766134
964,VPD[stomatal],287.6709206580162
964,VPD[demand],310.2053276545648
965,VPD[stomatal],273.3740514530491
965,VPD[demand],314.98549434044355
966,VPD[stomatal],324.78084786500347
966,VPD[demand],320.10935830375547
967,VPD[stomatal],365.4923064259401
967,VPD[demand],280.55658452773
968,VPD[stomatal],352.62085969732914
968,VPD[demand],390.12042083021464
969,VPD[stomatal],296.9958334691646
969,VPD[demand],338.7314653362566
970,VPD[stomatal],281.4939474823807
970,VPD[demand],281.36115421502944
971,VPD[stomatal],329.9596475951078
971,VPD[demand],305.3366144265669
972,VPD[stomatal],290.2820023970319
972,VPD[demand],295.8637721841821
973,VPD[stomatal],298.47608905060923
973,VPD[demand],312.6175690675517
974,VPD[stomatal],289.37403760840544
974,VPD[demand],319.08449464300924
975,VPD[stomatal],367.9638584051119
975,VPD[demand],284.56106446645754
976,VPD[stomatal],367.86197647836184
976,VPD[demand],334.397876940653
977,VPD[stomatal],298.7268704555884
977,VPD[demand],370.3061398003757
978,VPD[stomatal],343.88768086204874
978,VPD[demand],361.12996629856235
979,VPD[stomatal],324.82138471741746
979,VPD[demand],319.4561738521148
980,VPD[stomatal],355.9184896944551
980,VPD[demand],320.4857351210533
981,VPD[stomatal],307.6234596783674
981,VPD[demand],373.88540749588077
982,VPD[stomatal],299.79097760421394
982,VPD[demand],336.2255974851451
983,VPD[stomatal],301.79126872165585
983,VPD[demand],317.44059385364545
984,VPD[stomatal],325.2394754585364
984,VPD[demand],306.33860902074684
985,VPD[stomatal],309.87622200056535
985,VPD[demand],304.38073592297746
986,VPD[stomatal],319.58810536046184
986,VPD[demand],341.46063765914863
987,VPD[stomatal],339.63593652097137
987,VPD[demand],360.96409490030203
988,VPD[stomatal],282.1643900983997
988,VPD[demand],328.78374555540694
989,VPD[stomatal],366.96452899664365
989,VPD[demand],333.3462393932612
990,VPD[stomatal],362.53174472679837
990,VPD[demand],353.2896968754155
991,VPD[stomatal],329.6639432968634
991,VPD[demand],334.8977485665718
992,VPD[stomatal],311.6193772084724
992,VPD[demand],281.84114306522594
993,VPD[stomatal],302.75225894742044
993,VPD[demand],367.99401172244615
994,VPD[stomatal],260.1149864893821
994,VPD[demand],338.15071917259445
995,VPD[stomatal],344.85229964274345
995,VPD[demand],364.852261450535
996,VPD[stomatal],288.6223993846206
996,VPD[demand],338.16221057954783
997,VPD[stomatal],368.9728351589547
997,VPD[demand],319.55020564883415
998,VPD[stomatal],319.1590458128382
998,VPD[demand],328.45681509436304
999,VPD[stomatal],304.83085394607957
999,VPD[demand],316.0230708004693
1000,VPD[stomatal],304.70379333214726
1000,VPD[demand],306.08734657469165
