MONTH,ERA5,BCC,CESM-B,CESM-C,CMCC-CESM,CMCC-CMS,CNRM,EARTH,GFDL-C,GFDL-E,HADGEM,INM,IPSL,MPI,MRI,NOR,VAR,PERIOD
I,-14.462,-20.547,-20.611,-5.9886,-16.114,-18.562,-14.736,-24.433,-11.522,-14.113,-12.181,-10.135,-32.504,-14.124,-33.844,-9.2491,H,1981_2005
II,-5.8838,-17.69,-11.787,2.789,-10.602,-11.423,-8.4764,-11.472,-4.2372,-4.5657,-8.3306,1.7045,-19.278,-5.3336,-24.349,-6.9834,H,1981_2005
III,6.4204,-6.6922,13.925,22.451,3.1735,-0.38866,7.9922,3.2494,8.9627,3.3715,9.3552,19.918,2.5327,6.6686,-3.3432,9.0511,H,1981_2005
IV,21.353,11.531,33.945,38.485,20.466,13.848,22.409,17.458,24.825,21.544,33.227,33.865,31.585,23.397,21.371,29.297,H,1981_2005
V,22.151,30.747,44.674,38.342,24.274,20.347,28.928,27.011,33.432,30.659,46.856,35.03,45.506,31.281,37.461,36.395,H,1981_2005
VI,21.651,47.606,40.029,35.861,18.755,17.913,32.076,29.794,31.335,26.601,54.619,45.956,52.254,24.987,40.238,36.937,H,1981_2005
VII,21.075,59.6,38.011,34.55,6.7657,17.1,39.325,27.381,33.862,23.312,53.16,71.273,52.013,18.48,36.779,39.373,H,1981_2005
VIII,18.592,51.298,35.78,27.333,-1.5428,9.1336,34.308,18.701,29.494,13.733,44.658,78.384,41.041,14.788,19.731,32.547,H,1981_2005
IX,9.219,27.093,19.822,18.398,-11.158,2.0183,17.289,6.2878,12.997,-0.28514,25.683,35.668,18.501,12.279,4.4167,19.51,H,1981_2005
X,-1.5498,-6.3903,-0.63676,7.3189,-18.227,-5.9514,1.8376,-6.5666,-3.9839,-9.7655,6.6475,5.2784,-6.7605,-0.26367,-12.412,0.90064,H,1981_2005
XI,-8.5742,-18.182,-15.602,-2.7932,-19.485,-14.52,-10.543,-18.147,-13.014,-17.432,-4.1856,-9.8074,-26.695,-10.125,-25.063,-9.9028,H,1981_2005
XII,-14.471,-22.581,-24.284,-8.2603,-23.383,-17.06,-16.544,-22.948,-15.21,-18.159,-9.6607,-15.487,-34.656,-18.446,-31.411,-12.107,H,1981_2005
I,NA,-24.021,-21.872,-9.2765,-25.191,-17.981,-14.564,-23.454,-18.744,-18.742,-12.736,-13.312,-33.398,-17.142,-29.354,-13.536,H,2076_2100
II,NA,-19.127,-10.264,4.6924,-21.184,-13.864,-6.3984,-13.091,-12.904,-9.2362,-2.8301,0.24289,-21.644,-10.034,-20.687,-2.4641,H,2076_2100
III,NA,-8.9159,15.197,28.649,-0.52958,-1.4764,11.708,-0.32358,8.3618,5.24,14.094,17.123,1.0036,0.91392,-2.6096,12.502,H,2076_2100
IV,NA,18.408,42.522,49.608,8.1879,11.957,24.244,16.163,25.193,22.183,35.963,28.857,31.404,18.645,21.746,34.89,H,2076_2100
V,NA,50.445,58.874,55.587,11.84,16.293,28.15,24.2,35.654,30.351,51.39,38.101,52.351,25.79,35.566,50.117,H,2076_2100
VI,NA,62.796,57.029,57.499,5.9306,18.259,36.892,32.39,43.78,27.965,72.808,62.659,66.084,28.097,38.912,52.286,H,2076_2100
VII,NA,92.106,64.684,59.012,2.7436,20.328,53.643,37.671,67.805,31.221,89.231,100.78,71.074,32.525,33.836,54.107,H,2076_2100
VIII,NA,83.63,61.511,54.447,-4.8606,19.556,44.139,32.24,61.526,26.254,77.767,95.41,56.73,36.68,21.532,49.246,H,2076_2100
IX,NA,43.298,36.648,37.24,-18.7,6.1724,23.294,14.643,34.946,6.1877,42.915,41.093,30.577,22.675,5.5434,29.105,H,2076_2100
X,NA,-4.0538,5.6226,15.796,-28.977,-5.0781,4.378,-7.2547,-0.90693,-9.9023,11.222,4.7492,-0.30418,4.1996,-10.235,4.5056,H,2076_2100
XI,NA,-20.916,-15.151,-1.7705,-34.069,-14.457,-8.6698,-18.396,-21.593,-20.237,-3.6425,-9.6696,-25.762,-12.614,-22.249,-13.383,H,2076_2100
XII,NA,-27.178,-26.283,-10.736,-30.185,-20.511,-14.695,-23.712,-24.227,-23.995,-11.646,-13.91,-36.483,-18.798,-29.173,-16.151,H,2076_2100
I,7.8141,20.037,14.612,7.3125,11.761,11.53,6.1993,13.293,14.253,14.652,9.1967,6.308,25.262,17.967,13.048,12.065,LE,1981_2005
II,11.838,26.807,20.087,11.24,13.903,16.185,11.34,17.996,19.409,19.071,17.741,13.8,27.197,27.348,17.317,14.942,LE,1981_2005
III,27.556,37.392,31.297,22.157,19.633,30.908,26.982,36.085,38.277,35.062,33.516,37.245,29.223,41.651,31.569,25.218,LE,1981_2005
IV,55.625,50.789,54.228,43.788,31.812,46.799,54.518,65.746,53.63,57.747,61.752,74.809,33.641,57.266,50.844,41.331,LE,1981_2005
V,82.514,59.595,83.332,71.196,55.486,68.678,81.661,93.662,70.598,75.761,87.916,110.24,56.223,79.278,76.166,67.266,LE,1981_2005
VI,91.523,69.727,107.36,89.694,73.977,81.674,93.658,105.08,85.101,95.114,102.4,123.48,88.65,95.723,95.616,93.5,LE,1981_2005
VII,91.303,62.769,104.55,88.801,73.76,80.655,79.006,103.67,81.244,93.882,91.906,91.442,97.359,90.313,95.943,87.023,LE,1981_2005
VIII,76.221,50.374,80.452,68.063,55.769,59.829,60.708,83.185,62.523,76.846,71.987,45.205,72.51,70.423,74.716,69.742,LE,1981_2005
IX,49.056,37.764,49.633,43.523,38.205,38.874,39.292,56.455,46.114,54.268,48.373,43.813,41.722,44.569,45.448,45.846,LE,1981_2005
X,28.126,30.162,27.796,21.914,27.267,17.956,22.658,31.327,33.928,33.191,24.324,30.732,24.208,23.576,27.042,27.408,LE,1981_2005
XI,13.109,24.84,16.954,11.077,19.463,11.571,10.321,16.409,21.306,22.26,13.023,13.819,20.963,14.335,16.829,19.516,LE,1981_2005
XII,7.4886,20.566,15.083,7.6666,15.496,9.0689,6.5774,10.409,13.689,16.468,8.3382,7.1844,22.311,16.955,13.371,15.287,LE,1981_2005
I,NA,25.659,17.738,13.496,22.128,14.714,10.304,17.077,22.952,19.508,16.468,11.033,24.302,20.814,15.163,17.718,LE,2076_2100
II,NA,29.518,22.705,17.314,24.796,21.413,20.169,24.823,33.531,25.736,23.733,21.762,25.974,30.371,21.711,19.328,LE,2076_2100
III,NA,42.598,33.341,28.784,25.45,33.396,39.682,46.834,45.964,41.183,42.982,46.585,28.798,45.685,36.828,29.04,LE,2076_2100
IV,NA,54.776,53.697,50.033,41.942,50.566,70.947,76.479,64.633,57.808,68.208,84.15,37.213,57.985,57.893,48.703,LE,2076_2100
V,NA,59.788,81.306,78.997,66.85,75.721,103.23,101.79,90.863,78.33,94.604,114.38,57.797,80.913,85.224,74.15,LE,2076_2100
VI,NA,69.824,109.99,98.593,88.399,97.297,111.85,115.6,103.18,103.83,97.453,107.06,84.517,90.841,107.7,96.607,LE,2076_2100
VII,NA,51.109,100.35,91.84,86.927,95.959,92.058,110.27,75.47,97.469,70.325,56.553,86.438,88.868,107.65,91.791,LE,2076_2100
VIII,NA,34.177,71.504,67.004,65.74,69.484,68.77,87.134,45.545,74.913,48.904,27.27,70.715,63.361,78.787,70.846,LE,2076_2100
IX,NA,30.363,45.525,43.934,48.295,39.619,48.587,58.211,37.173,52.115,39.686,39.187,43.238,38.214,49.431,48.844,LE,2076_2100
X,NA,35.575,28.109,24.896,38.678,17.508,29.868,35.727,36.599,35.912,26.748,32.451,25.827,20.573,29.25,33.787,LE,2076_2100
XI,NA,28.675,19.622,15.694,33.976,11.847,14.908,19.954,31.277,25.671,16.013,16.225,21.86,15.469,18.434,25.428,LE,2076_2100
XII,NA,27.683,19.123,12.671,26.144,14.176,8.2969,15.01,25.287,22.51,14.343,8.6036,25.343,17.631,15.409,19.492,LE,2076_2100
I,39.196,24.558,37.485,36.847,20.015,25.292,37.782,35.316,40.033,34.801,40.406,43.42,29.382,33.823,41.753,31.069,Rg,1981_2005
II,72.488,48.285,71.797,67.193,44.076,51.789,73.143,72.796,72.85,64.809,71.97,81.302,57.008,59.765,76.978,59.744,Rg,1981_2005
III,118.85,86.921,127.68,120.99,86.163,84.994,132.44,125.78,115.83,109.94,122.63,134.96,112.18,103.06,133.67,106.11,Rg,1981_2005
IV,177.97,136.02,188.93,174.73,142.47,133.57,184.64,176.41,167.01,172.58,190.4,190.38,182.61,155.72,200.13,166.79,Rg,1981_2005
V,215.1,177.6,241.48,206.84,177.77,181.14,222.33,217.74,217.71,228.69,248.04,238.09,236.55,208.92,258.22,216.13,Rg,1981_2005
VI,217.64,224.05,260.34,224.8,189.67,190.57,247.17,233.57,234.43,247.87,281.84,275.37,291.64,222,289.72,255.02,Rg,1981_2005
VII,212.61,232.42,249.62,219.79,157.32,187.79,239.82,227.83,232.34,235.34,264.03,287.06,298.34,201.81,282.92,241.12,Rg,1981_2005
VIII,185.98,200.99,218.54,178.3,116.75,142.17,201.12,190.3,194.97,190.23,224.77,245.23,240.01,169.29,227.07,202.27,Rg,1981_2005
IX,127.58,149.28,154.72,130.46,68.118,106.03,139.19,138,138.75,124.01,159.29,163.16,153.27,130.87,153.71,144.4,Rg,1981_2005
X,81.243,62.875,93.101,81.748,38.234,59.193,87.348,82.506,80.437,72.496,82.689,89.77,83.835,76.172,87.091,81.275,Rg,1981_2005
XI,43.176,25.25,44.979,43.425,19.644,27.211,46.046,42.439,44.025,37.81,43.523,48.686,38.849,40.935,46.049,37.928,Rg,1981_2005
XII,29.806,17.865,29.067,28.937,11.787,17.083,28.218,27.18,31.306,25.777,31.864,32.263,22.544,25.009,32.113,22.328,Rg,1981_2005
I,NA,20.992,36.553,43.378,12.83,20.362,39.696,32.816,39.062,31.23,35.827,40.308,29.961,32.218,39.333,32.65,Rg,2076_2100
II,NA,40.31,71.496,78.602,30.942,44.108,73.501,68.713,68.622,62.986,70.569,74.098,56.695,54.518,70.346,62.557,Rg,2076_2100
III,NA,83.447,127.83,135.16,80.158,84.934,129,119.1,127.35,111.91,126.77,129.43,105.57,99.716,128.13,113.84,Rg,2076_2100
IV,NA,147.7,195.06,194.65,125.39,133.49,188.34,179.09,189.07,175.56,196.42,192.37,181.47,149.47,200.68,183.14,Rg,2076_2100
V,NA,212.72,251.95,238.26,163.81,177.97,237.35,216.38,249.7,223.09,261.55,245.75,245.83,199.69,262.64,243.41,Rg,2076_2100
VI,NA,239.4,282.99,264.55,175.77,210.78,265.24,244.89,280.12,252.97,307.13,283.21,306.59,216.83,299.88,275.19,Rg,2076_2100
VII,NA,270.58,281.83,258.09,166.86,210.25,268.32,246.37,285.16,245.56,304.14,297.97,307.83,221.96,285.69,265.37,Rg,2076_2100
VIII,NA,233.58,244.1,220.97,122.07,175.45,216.05,209.55,230.87,205.9,258.46,254.68,254.4,193.46,233.72,225.9,Rg,2076_2100
IX,NA,163.2,176.45,164.75,71.336,112.27,150.72,150.16,165.97,130.94,183.67,165.33,173.98,136.94,158.37,155.44,Rg,2076_2100
X,NA,79.106,100.69,99.56,32.653,61.844,92.023,86.205,94.399,70.343,101.88,88.264,90.785,78.279,90.362,90.587,Rg,2076_2100
XI,NA,25.096,45.778,50.438,13.474,24.693,47.631,39.729,47.181,36.923,48.064,46.348,39.061,38.586,46.026,42.852,Rg,2076_2100
XII,NA,16.352,28.478,33.798,8.5248,13.872,29.918,25.321,30.072,25.392,28.584,31.61,21.819,24.986,31.189,25.011,Rg,2076_2100
I,27.632,19.0701,30.7852,28.9038,14.4101,17.6548,26.607,NA,29.158,25.9076,26.115,29.974,21.891,28.265,25.611,24.9228,SW_net,1981_2005
II,50.522,39.1032,60.591,55.099,31.799,38.027,51.341,NA,55.253,49.944,51.952,56.807,41.924,50.92,51.005,49.116,SW_net,1981_2005
III,92.659,73.919,109.452,102.298,66.228,68.739,103.39,NA,93.742,90.681,103.364,109.197,85.579,90.811,94,90.736,SW_net,1981_2005
IV,146.35,117.776,163.823,150.707,115.837,109.777,153.16,NA,140.206,147.05,167.925,159.837,142.31,135.43,146.339,145.02,SW_net,1981_2005
V,176.93,153.484,210.151,179.168,145.386,149.014,185,NA,179.345,189.176,217.593,198.493,189.28,174.29,193.98,188.932,SW_net,1981_2005
VI,179.74,192.573,227.181,195.328,155.166,156.792,205.81,NA,190.53,200.784,243.822,227.358,236.2,181.18,218.019,223.473,SW_net,1981_2005
VII,177.41,199.34,217.846,190.659,128.707,154.532,200.04,NA,187.84,187.797,226.658,234.654,242.36,164.5,210.738,211.106,SW_net,1981_2005
VIII,156.64,171.548,189.644,153.894,95.398,117.007,168.18,NA,157.964,150.333,192.506,202.981,194.9,138.48,161.103,176.11,SW_net,1981_2005
IX,108.49,127.27,132.857,111.839,55.592,87.268,116.33,NA,111.956,96.65,136.624,136.716,124.21,109.25,106.431,124.638,SW_net,1981_2005
X,69.725,53.8633,79.386,69.584,31.0537,48.699,73.144,NA,63.766,55.523,71.846,76,67.36,65.091,59.085,69.53,SW_net,1981_2005
XI,35.622,21.1279,38.1869,36.8039,15.3792,22.0191,37.973,NA,33.845,29.044,36.8794,40.5354,30.358,35.519,29.528,32.2078,SW_net,1981_2005
XII,22.07,14.1281,24.3089,23.8055,8.893,12.6679,21.863,NA,23.9085,20.2108,21.859,25.633,17.16,21.94,19.722,18.5519,SW_net,1981_2005
I,NA,17.5444,30.9076,36.8146,10.0896,16.4175,33.447,NA,31.1664,24.7388,30.2117,32.6878,23.156,28.169,25.971,27.6025,SW_net,2076_2100
II,NA,34.3165,61.107,67.116,24.8733,35.704,61.914,NA,56.127,51.923,61.2233,61.147,43.997,47.816,48.386,53.357,SW_net,2076_2100
III,NA,72.464,110.686,116.69,65.374,69.807,108.68,NA,104.433,94.301,111.712,108.468,82.421,87.189,91.17,98.643,SW_net,2076_2100
IV,NA,128.291,169.977,168.982,102.649,109.834,158.45,NA,153.775,148.935,172.808,161.88,143.68,126.58,147.105,160.23,SW_net,2076_2100
V,NA,183.825,220.218,207.483,134.368,146.44,198.61,NA,200.193,184.348,226.97,204.883,199.19,164.23,196.716,213.818,SW_net,2076_2100
VI,NA,206.167,248.205,231.028,144.287,173.454,222.08,NA,224.154,204.769,263.856,233.815,250.07,177.15,224.887,242.426,SW_net,2076_2100
VII,NA,233.003,246.863,224.471,136.919,173.034,225.21,NA,230.393,197.179,260.694,243.562,251.27,182.19,210.826,233.498,SW_net,2076_2100
VIII,NA,200.301,211.452,190.484,99.981,144.401,181.77,NA,189.129,164.677,221.5,210.799,207.44,162.67,161.833,197.246,SW_net,2076_2100
IX,NA,139.397,150.829,140.647,58.309,92.418,126.76,NA,136.082,103.463,157.429,138.531,141.6,117.33,107.75,133.993,SW_net,2076_2100
X,NA,67.829,85.888,84.624,26.6085,50.913,77.537,NA,75.391,54.436,87.434,74.827,73.682,67.229,60.913,77.747,SW_net,2076_2100
XI,NA,21.5523,39.1538,43.0924,10.8822,20.3261,40.088,NA,36.329,28.7085,41.5913,39.1092,31.361,33.29,30.189,36.7433,SW_net,2076_2100
XII,NA,13.7728,24.1489,28.7279,6.788,11.3092,25.144,NA,23.2962,19.9043,24.661,26.1625,16.997,21.829,20.499,21.2524,SW_net,2076_2100
I,37.568,22.69,45.74,34.84,22.91,28.7,43.123,NA,31.56,33.92,31.46,38.69,34.843,28.705,46.41,38.7,LW_net,1981_2005
II,44.12,30.57,55.93,43.08,26.95,33.26,47.766,NA,38.49,38.08,39.31,43.08,36.763,30.546,54.36,46.82,LW_net,1981_2005
III,50.532,39.59,65.19,56.04,37.36,34.83,58.981,NA,41.96,42.77,51,46.2,52.837,39.858,60.24,55.28,LW_net,1981_2005
IV,60.022,48.71,71.39,63.08,53.14,43.84,63.387,NA,53.49,54.77,65.52,43.81,71.102,49.569,66.99,64.34,LW_net,1981_2005
V,62.156,55.6,74.48,61.7,55.59,52.35,64.368,NA,65.86,67.4,75.45,44.14,78.887,57.612,73.12,67.34,LW_net,1981_2005
VI,58.711,65.07,70.92,61.02,52.51,50.31,69.401,NA,66.17,65.56,80,49.44,83.988,54.942,74.16,70.43,LW_net,1981_2005
VII,58.528,71.11,68.38,60.31,40.75,51.08,73.634,NA,66.55,61.38,77.1,66.76,83.603,50.731,72.81,69.75,LW_net,1981_2005
VIII,59.433,68.39,70.11,55.67,38.26,46.39,70.602,NA,63.52,55.76,74.52,75.58,77.739,50.385,64.76,67.65,LW_net,1981_2005
IX,52.79,64.96,65.7,52.57,30.82,47.24,63.117,NA,54.62,46.73,64.14,55.69,67.301,52.819,58.67,64.6,LW_net,1981_2005
X,49.161,37.54,58.3,46.56,26.47,42.12,56.293,NA,39.93,39.49,44.91,42.27,56.663,46.269,49.11,54.3,LW_net,1981_2005
XI,38.766,22.92,46.4,38.52,21.86,31.47,49.561,NA,32.77,34.19,33.99,40.83,43.558,38.004,43.79,42.54,LW_net,1981_2005
XII,34.754,21.48,42.88,34,19.23,27.07,44.365,NA,31.3,32.52,30.59,38.46,36.501,28.884,43.95,35.45,LW_net,1981_2005
I,NA,20.91,43.2,41.16,15.12,25.17,42.667,NA,31.88,30.65,29.2,37.8,39.219,29.279,42.46,38.98,LW_net,2076_2100
II,NA,24.81,53.18,48.29,21.33,29.41,47.668,NA,36.81,38.29,40.19,39.91,43.989,29.71,46.8,45.64,LW_net,2076_2100
III,NA,36.88,62.92,58.55,38.32,37.12,54.071,NA,48.72,44.04,52.15,41.53,52.798,39.004,53.94,54.7,LW_net,2076_2100
IV,NA,50.97,69.62,64.85,45.03,44.14,57.443,NA,58.43,57.62,64.07,42.73,70.664,45.913,62.67,65.25,LW_net,2076_2100
V,NA,63.75,73.27,64.59,46.94,47.49,59.015,NA,66.77,62.39,73.33,45.01,79.508,51.817,69.04,70.31,LW_net,2076_2100
VI,NA,65.49,72.14,65.53,40.36,50.11,62.868,NA,69.46,59.54,85.36,57.16,85.591,51.538,70.06,70.78,LW_net,2076_2100
VII,NA,80.98,73.38,65.62,39.63,50.36,70.926,NA,79.37,58.3,94.88,81.03,83.871,54.285,63.98,69.93,LW_net,2076_2100
VIII,NA,80.11,74.46,65.25,36.25,52.02,66.066,NA,77.92,58.8,92.31,83.66,76.435,58.126,59.89,69.46,LW_net,2076_2100
IX,NA,68.27,70.44,61.36,29.92,47.84,58.466,NA,65.88,48.51,76.23,56.54,69.508,57.125,54.47,63.09,LW_net,2076_2100
X,NA,45.28,58.7,50.54,21.83,42.93,51.394,NA,47.81,38.55,54.21,39.6,56.539,48.193,47.25,55.15,LW_net,2076_2100
XI,NA,21.7,44.53,39.06,16.31,30.52,44.226,NA,35.8,33.23,35.73,37.08,44.03,36.97,38.88,44.46,LW_net,2076_2100
XII,NA,19.93,40.89,36.67,15.27,24.01,40.658,NA,30.02,32.79,27.15,36.32,36.794,30.402,39.39,36.08,LW_net,2076_2100
I,57.462,75.186,78.775,54.962,60.108,72.615,53.94,66.637,63.592,65.812,59.44,75.795,75.977,71.333,75.593,59.523,P,1981_2005
II,51.047,62.634,62.607,43.404,49.763,52.279,43.229,55.759,47.561,52.797,69.757,59.735,63.845,66.14,55.181,54.412,P,1981_2005
III,63.407,74.352,62.173,44.05,45.94,61.518,43.326,53.054,55.403,66.127,68.584,78.951,60.82,66.748,69.533,62.157,P,1981_2005
IV,63.022,68.57,64.923,50.237,41.032,62.461,59.243,68.284,62.407,72.013,67.99,86.968,51.742,72.039,68.166,60.691,P,1981_2005
V,80.323,72.161,84.876,69.636,59.505,71.229,80.376,94.84,72.574,89.349,75.403,110.67,61.757,79.483,75.531,78.433,P,1981_2005
VI,91.552,54.139,104.81,83.237,65.98,78.543,77.609,103.81,90.404,103.25,71.38,95.121,76.26,81.05,83.498,86.634,P,1981_2005
VII,97.963,52.26,92.495,81.851,83.225,72.278,73.113,99.741,77.454,97.473,62.826,47.309,90.165,96.122,78.328,73.716,P,1981_2005
VIII,84.444,44.706,69.246,79.958,70.773,70.788,58.689,78.837,65.683,88.259,56.987,29.414,75.37,75.711,83.232,62.929,P,1981_2005
IX,71.716,45.997,61.113,59.582,73.887,61.228,53.956,68.283,65.091,83.47,55.369,52.44,62.063,59.94,71.054,50.336,P,1981_2005
X,56.987,72.244,65.821,51.316,70.406,58.064,55.386,60.784,72.751,76.598,64.053,82.991,56.901,64.754,77.82,52.673,P,1981_2005
XI,59.905,84.395,74.024,48.05,68.434,68.459,51.214,59.356,77.062,67.59,57.791,74.209,65.328,65.34,75.277,66.15,P,1981_2005
XII,65.809,89.488,85.443,52.792,70.635,73.949,57.347,57.199,63.91,68.581,63.822,88.144,75.216,76.575,77.736,71.411,P,1981_2005
I,NA,88.844,88.541,68.141,87.776,84.828,61.323,72.462,68.054,76.308,88.482,85.936,84.329,81.261,70.659,74.041,P,2076_2100
II,NA,73.207,70.318,54.116,70.393,65.911,57.903,58.365,59.003,52.781,80.017,79.243,70.77,76.076,67.195,61.826,P,2076_2100
III,NA,76.902,72.086,54.905,58.879,70.306,60.855,68.041,50.333,65.27,77.083,86.993,75.389,75.349,80.261,66.712,P,2076_2100
IV,NA,64.383,64.789,58.62,66.044,69.227,74.944,83.295,66.629,68.434,79.811,82.603,59.459,73.28,75.392,61.667,P,2076_2100
V,NA,54.676,79.085,73.729,70.208,73.366,92.39,119.19,79.682,89.642,79.575,89.331,53.913,89.366,85.988,73.751,P,2076_2100
VI,NA,56.849,91.432,78.657,86.419,72.035,93.698,107.77,87.929,93.821,59.062,66.939,49.532,75.222,83.814,83.376,P,2076_2100
VII,NA,27.859,67.883,71.526,79.787,56.905,75.291,92.995,50.032,91.528,31.693,26.449,61.737,61.362,96.725,73.318,P,2076_2100
VIII,NA,30.428,54.306,55.877,66.559,49.768,79.769,79.782,39.555,70.807,24.192,16.308,64.421,52.55,78.565,63.299,P,2076_2100
IX,NA,39.924,48.464,52.546,77.571,58.934,70.663,59.45,47.592,77.119,35.671,45.043,48.073,52.059,77.438,53.591,P,2076_2100
X,NA,75.339,67.777,60.577,94.706,57.902,65.04,65.509,68.833,79.837,57.209,85.457,67.81,64.647,86.912,61.899,P,2076_2100
XI,NA,92.494,81.845,71.642,106.06,82.622,65.513,70.333,83.856,72.789,67.86,88.29,85.032,69.632,83.649,75.669,P,2076_2100
XII,NA,98.471,95.711,70.626,98.168,96.196,66.217,72.249,79.691,82.554,87.626,82.938,97.698,83.689,82.234,78.411,P,2076_2100
I,-1.38,-1.182,1.8113,-0.10089,-5.9241,-3.9278,-2.009,0.11408,-0.11217,-0.76678,-3.1846,-1.0503,0.44791,-0.11144,0.23225,0.52897,Ta,1981_2005
II,-0.64,-0.32228,3.6529,1.5584,-4.7579,-2.5772,-1.3394,-0.21229,0.13906,-1.1173,-0.79531,-0.88183,-0.1361,0.53663,2.0166,2.5267,Ta,1981_2005
III,3.2,2.2093,5.3013,4.4728,-0.37538,2.2224,1.95,1.9867,2.6206,1.9395,3.0878,3.1338,2.6093,4.1561,3.8174,4.851,Ta,1981_2005
IV,7.62,6.1708,9.2184,8.7171,6.7137,6.573,5.8408,6.725,7.4264,6.895,8.5185,7.3426,6.8832,8.7697,7.7873,7.9975,Ta,1981_2005
V,12.99,10.818,13.437,13.436,11.904,11.705,10.944,11.809,12.282,11.753,14.753,11.838,11.485,12.944,12.162,12.394,Ta,1981_2005
VI,15.72,16.138,17.837,17.294,15.65,14.895,17.365,14.479,15.829,15.53,19.211,15.715,16.787,15.601,16.36,17.547,Ta,1981_2005
VII,17.9,18.038,19.413,19.15,16.221,16.353,20.643,16.59,17.743,16.273,20.194,17.876,19.776,16.787,17.771,18.103,Ta,1981_2005
VIII,17.84,16.89,18.793,17.744,14.351,14.847,18.678,15.871,16.808,15.666,18.815,16.647,18.383,16.35,16.66,17.411,Ta,1981_2005
IX,13.62,13.382,14.585,13.613,9.6242,12.13,13.096,12.229,13.645,11.533,13.721,11.631,13.399,14.131,12.686,13.567,Ta,1981_2005
X,9.07,7.5465,10.411,8.8852,4.7202,6.7385,7.919,8.1874,8.4106,7.3632,7.2086,6.8514,8.3176,9.7889,7.6628,9.6706,Ta,1981_2005
XI,3.26,3.1853,5.9468,4.6434,-0.75082,2.2005,2.4884,3.0107,3.7855,4.3699,2.1244,3.8035,4.4319,4.5577,3.1557,5.2493,Ta,1981_2005
XII,-0.31,0.28925,3.6507,1.6105,-2.5879,-2.2043,-0.32563,0.78876,1.1052,1.423,-2.7924,2.0301,1.9907,1.9722,0.61994,2.7102,Ta,1981_2005
I,NA,3.3314,5.0619,4.4754,1.35,2.0023,2.9048,3.1103,5.1911,2.7517,2.8917,3.2598,4.1712,3.5674,4.1087,4.8192,Ta,2076_2100
II,NA,3.7668,6.0681,5.4339,2.4427,3.3573,3.8652,3.1847,6.4629,2.6406,3.9649,3.5507,4.9471,4.4715,5.2004,4.7762,Ta,2076_2100
III,NA,5.7592,8.326,8.275,4.4555,6.1823,5.2027,5.2231,8.4879,4.0167,7.489,5.743,6.7299,7.3538,7.138,8.0123,Ta,2076_2100
IV,NA,9.1386,12.317,12.322,10.073,9.7435,8.9573,9.6269,12.361,9.5519,12.698,9.3009,10.853,11.265,10.07,11.737,Ta,2076_2100
V,NA,15.352,16.573,17.604,14.646,14.96,13.991,14.119,17.086,13.989,19.686,13.514,15.688,15.579,14.815,16.232,Ta,2076_2100
VI,NA,19.521,22.003,22.341,18.268,19.051,20.225,17.482,22.644,18.112,26.742,18.713,22.576,18.883,19.726,21.186,Ta,2076_2100
VII,NA,24.098,24.419,25.086,19.631,21.534,24.394,19.876,26.125,20.281,29.172,22.481,25.714,21.249,21.571,23.219,Ta,2076_2100
VIII,NA,23.577,24.117,23.924,17.757,20.886,23.167,19.646,26.997,19.901,27.657,20.712,24.093,21.829,20.065,22.874,Ta,2076_2100
IX,NA,18.563,19.319,19.083,14.045,17.309,17.297,16.472,21.831,15.531,21.813,14.037,19.882,18.714,16.464,17.748,Ta,2076_2100
X,NA,12.014,13.528,13.166,8.9128,12.793,11.209,11.556,14.972,9.6369,14.122,8.5714,12.287,13.171,10.993,12.79,Ta,2076_2100
XI,NA,7.0251,8.5327,7.9631,5.3305,7.3574,6.5878,6.8612,9.2905,6.7829,6.7249,5.8883,8.0131,8.686,6.993,8.887,Ta,2076_2100
XII,NA,4.5667,6.0349,5.457,2.4833,4.2787,3.4569,3.4685,6.061,4.1896,3.7521,3.941,5.6241,4.8429,4.5997,6.2328,Ta,2076_2100
I,83.523,93.81110527,87.16436431,86.61069847,NA,NA,89.61587917,NA,89.32003729,88.12598755,91.00333333,95.14249384,85.93477908,NA,81.30159,89.3146799,RH,1981_2005
II,80.431,91.4183078,82.03941836,80.45746073,NA,NA,87.27980048,NA,87.04159466,85.43655922,86.03083333,93.46424171,85.36708796,NA,76.69514,85.25276482,RH,1981_2005
III,77.124,88.05144203,75.58775334,71.72805155,NA,NA,82.74858425,NA,84.91364441,84.9412743,79.7027381,88.65122206,76.96033023,NA,73.54048,78.58178285,RH,1981_2005
IV,73.268,82.14742558,71.84611392,67.77290128,NA,NA,77.884734,NA,78.85944347,80.18992712,72.91369048,88.6166505,66.87774592,NA,71.94195,74.12050728,RH,1981_2005
V,72.375,75.71118722,70.53999784,69.81255357,NA,NA,76.203867,NA,72.00373119,73.84388276,66.74190476,87.54232279,64.97827165,NA,71.25864,72.83320346,RH,1981_2005
VI,72.981,68.14690083,72.32150364,70.65034438,NA,NA,69.11717121,NA,72.15283439,76.01433888,63.22416667,82.71836866,67.65677227,NA,70.69722,71.31343226,RH,1981_2005
VII,72.382,62.25417343,72.81414921,70.94279809,NA,NA,62.57043575,NA,71.72760819,78.58460011,62.47464286,71.02114842,69.67431569,NA,72.47883,70.7889892,RH,1981_2005
VIII,72.436,65.24787798,72.1740311,73.14707413,NA,NA,65.67103355,NA,72.1148101,81.62711038,64.15178571,62.36355892,72.16534265,NA,74.81042,72.76619223,RH,1981_2005
IX,77.152,70.72248358,76.41808957,75.26888279,NA,NA,73.64795902,NA,77.23023988,85.77515533,72.81119048,79.00515064,76.71365812,NA,77.82256,76.55313114,RH,1981_2005
X,80.788,88.53733421,82.94910533,79.85329951,NA,NA,82.74968153,NA,86.99452309,88.85035198,84.53357143,93.55302629,79.89392592,NA,81.33249,83.17621208,RH,1981_2005
XI,85.311,94.0987294,87.49314809,84.54216549,NA,NA,87.95682322,NA,89.7178093,89.43565666,89.78904762,95.50564537,83.18664711,NA,83.95064,87.41061884,RH,1981_2005
XII,85.35,94.0215239,88.53347017,87.2761457,NA,NA,89.15908961,NA,89.95638906,88.41897541,91.79588294,95.69464734,85.08799445,NA,83.17305,89.46301085,RH,1981_2005
I,NA,94.02427902,86.52541243,82.19879843,NA,NA,89.24673108,NA,89.34900497,88.31238792,89.92714286,95.67325236,82.16387067,NA,81.35914,86.92946741,RH,2076_2100
II,NA,92.8966114,80.68494061,76.37876102,NA,NA,87.1172769,NA,87.28925964,85.82392366,86.35071429,94.25975318,79.20364427,NA,80.18213,83.18543808,RH,2076_2100
III,NA,88.38912601,73.83369358,67.94097917,NA,NA,82.83800944,NA,81.59840429,84.43728887,79.2525,91.72140141,74.36575727,NA,77.89479,77.13584172,RH,2076_2100
IV,NA,78.71076824,68.84489776,63.71173974,NA,NA,80.47396034,NA,74.87396498,77.16429646,70.86464286,89.98341125,64.42964438,NA,75.2531,70.67891947,RH,2076_2100
V,NA,66.26150282,64.9833602,64.25664427,NA,NA,78.51641088,NA,70.69582835,74.52339766,63.49178571,85.80586365,60.42919059,NA,73.37756,66.73389503,RH,2076_2100
VI,NA,62.56641083,63.50963256,62.81253143,NA,NA,70.08874218,NA,67.47836065,76.37378633,52.42845238,74.33511141,57.55128766,NA,72.46717,64.15665027,RH,2076_2100
VII,NA,48.49224375,61.1843575,60.890696,NA,NA,59.79459996,NA,57.57147223,75.53397686,44.09738095,54.82680296,57.39929441,NA,72.76926,62.97107378,RH,2076_2100
VIII,NA,49.02473808,59.9146988,60.75402992,NA,NA,63.05937579,NA,53.98104095,73.58132486,44.11988095,52.23663576,62.67200415,NA,75.38464,63.74042577,RH,2076_2100
IX,NA,60.79446394,66.49462574,65.12115849,NA,NA,72.55591348,NA,64.63444398,80.41750545,55.97071429,75.10885955,68.13321494,NA,78.90234,71.06897372,RH,2076_2100
X,NA,84.16062256,78.50706407,75.355582,NA,NA,82.70096173,NA,80.74895498,87.70357759,75.34416667,93.42839043,77.32984248,NA,82.43453,79.65569859,RH,2076_2100
XI,NA,93.88369469,86.55054019,83.13385244,NA,NA,88.22396477,NA,88.89033405,89.61793966,87.28357143,96.51123114,81.29485018,NA,84.42808,85.60876823,RH,2076_2100
XII,NA,93.95995258,87.55459,85.52435765,NA,NA,90.08423105,NA,90.81593523,89.11093613,90.40285714,96.5805047,82.87533435,NA,84.06126,87.96940845,RH,2076_2100
I,NA,NA,NA,2.593615935,4.706709315,3.984937106,4.439127035,3.819263447,4.449881526,4.548120045,2.92441276,NA,3.960610765,4.111762816,3.690135094,NA,u10,1981_2005
II,NA,NA,NA,2.616061734,4.622635492,3.70190027,4.288223936,3.59392945,4.106716567,4.386452962,3.312347656,NA,3.645504728,4.061988491,3.584225602,NA,u10,1981_2005
III,NA,NA,NA,2.615483077,4.23211892,3.509398705,3.741755489,3.536814065,3.9912364,4.03186568,3.28884375,NA,3.419341634,3.870058735,3.371946463,NA,u10,1981_2005
IV,NA,NA,NA,2.531425186,3.849086901,3.443291667,3.54104767,3.388768081,3.624963023,3.608973967,3.041292969,NA,3.133328551,3.664494147,3.086630076,NA,u10,1981_2005
V,NA,NA,NA,2.324009666,3.512936775,3.142073033,3.183821434,3.265762076,3.400005081,3.362928229,2.733088542,NA,2.782248711,3.366366169,2.695646098,NA,u10,1981_2005
VI,NA,NA,NA,2.199211167,3.048643214,3.064607763,3.110310161,3.084662888,3.106219115,3.043090098,2.386009115,NA,2.156036188,3.423185729,2.284691645,NA,u10,1981_2005
VII,NA,NA,NA,2.133899223,2.753754628,3.014361391,2.817946822,2.897601251,2.886433189,2.920172736,2.386003906,NA,1.875513273,3.468854129,1.976201595,NA,u10,1981_2005
VIII,NA,NA,NA,2.141306795,3.138796995,3.280671922,2.740067376,3.025153294,3.11101886,3.009916345,2.394220052,NA,1.905805088,3.414026501,1.830497482,NA,u10,1981_2005
IX,NA,NA,NA,2.184406357,3.62134769,3.297282123,2.912380168,3.130414042,3.431135833,3.398814646,2.3824375,NA,2.33941347,3.491653479,2.2368548,NA,u10,1981_2005
X,NA,NA,NA,2.189065505,4.029240548,3.495472021,3.313618741,3.235084876,3.760070088,3.60164047,2.392088542,NA,2.895091057,3.893014084,2.595409471,NA,u10,1981_2005
XI,NA,NA,NA,2.289369374,4.271022216,3.791276582,3.871008282,3.399734261,4.129488628,4.066614857,2.603104167,NA,3.543631376,3.893594759,3.063513709,NA,u10,1981_2005
XII,NA,NA,NA,2.472529544,4.677493073,3.711899191,4.411751029,3.511120685,4.241754623,4.344188648,2.720152452,NA,3.940878123,4.327110616,3.513967063,NA,u10,1981_2005
I,NA,NA,NA,2.813814105,4.39640202,3.741896426,4.47280272,3.528950333,4.644991141,4.535554698,2.851276042,NA,3.957351398,4.109319012,4.257071033,NA,u10,2076_2100
II,NA,NA,NA,2.72332434,4.447588065,3.753972904,4.279285467,3.463360336,4.633256165,4.19312802,3.012184896,NA,3.733429572,4.144623011,4.256276808,NA,u10,2076_2100
III,NA,NA,NA,2.669120859,4.013363056,3.571235248,3.832950253,3.495427107,3.905571225,3.872268568,3.149527344,NA,3.406334047,4.128528873,4.037794132,NA,u10,2076_2100
IV,NA,NA,NA,2.55111533,3.541712206,3.424809697,3.514788659,3.295944566,3.499891016,3.505389509,2.751082031,NA,3.11074029,3.712107032,3.629664991,NA,u10,2076_2100
V,NA,NA,NA,2.324994866,3.313539432,3.210909586,3.194176316,3.212710254,3.02473936,3.155479407,2.477134115,NA,2.636519499,3.46917731,3.312795582,NA,u10,2076_2100
VI,NA,NA,NA,2.199439326,2.791708233,2.979379768,3.019544142,3.060829327,2.713869132,2.776466157,2.350628906,NA,1.951199961,3.354731087,2.815491911,NA,u10,2076_2100
VII,NA,NA,NA,2.127188003,2.889261012,2.900910004,2.888665332,2.783540032,2.657784537,2.651128287,2.441869792,NA,1.712195308,3.242495034,2.447553292,NA,u10,2076_2100
VIII,NA,NA,NA,2.037910071,3.030640356,2.954238009,2.858164249,2.742061075,2.733548737,2.741645572,2.282213542,NA,1.782795465,3.064279191,2.40888851,NA,u10,2076_2100
IX,NA,NA,NA,2.049827682,3.564660775,3.317472793,2.879297287,2.935846617,2.97593822,3.019943525,2.183863281,NA,2.072382454,3.619797125,2.675923371,NA,u10,2076_2100
X,NA,NA,NA,2.122043014,4.175574031,3.463374928,3.269450295,3.29472183,3.696253528,3.451616712,2.305652344,NA,2.795205417,3.723051707,3.322080095,NA,u10,2076_2100
XI,NA,NA,NA,2.330592926,4.493745182,3.759193946,3.870237196,3.313728405,4.383682135,3.927864639,2.425686198,NA,3.478206993,4.091965649,3.874870372,NA,u10,2076_2100
XII,NA,NA,NA,2.585388524,4.449567914,3.975392107,4.194291829,3.470359509,4.606051118,4.424538034,2.706869792,NA,4.064399409,4.325675552,4.194734266,NA,u10,2076_2100
I,NA,1.243778806,NA,NA,1.9575,NA,NA,NA,NA,0.0027533,0.96659,1.1597,1.6821,0.54825,1.4787,1.8909,LAI,1981_2005
II,NA,1.17251633,NA,NA,1.6695,NA,NA,NA,NA,0,0.9644,0.93861,1.5649,0.48554,1.5923,1.4632,LAI,1981_2005
III,NA,1.471960698,NA,NA,1.5592,NA,NA,NA,NA,0.0012295,0.97239,1.3839,1.4965,0.53515,2.0004,1.6824,LAI,1981_2005
IV,NA,2.009439186,NA,NA,1.7512,NA,NA,NA,NA,0.024385,1.0673,2.4282,1.6416,0.90569,3.8574,1.95,LAI,1981_2005
V,NA,2.702796586,NA,NA,2.2473,NA,NA,NA,NA,0.75252,1.5652,2.7861,2.8127,1.9294,6.2467,2.2937,LAI,1981_2005
VI,NA,3.520983349,NA,NA,2.8918,NA,NA,NA,NA,1.9103,2.3928,2.7262,3.9391,2.8939,6.804,2.379,LAI,1981_2005
VII,NA,4.174784256,NA,NA,3.2668,NA,NA,NA,NA,2.6927,2.9737,2.3515,4.3515,3.011,6.8235,2.3888,LAI,1981_2005
VIII,NA,4.540846514,NA,NA,3.3135,NA,NA,NA,NA,3.1166,3.1646,1.9615,4.1721,2.7976,6.8224,2.3584,LAI,1981_2005
IX,NA,3.440197575,NA,NA,3.1487,NA,NA,NA,NA,3.3754,2.96,2.3061,3.9397,2.1866,6.7435,2.3834,LAI,1981_2005
X,NA,2.22310094,NA,NA,2.8945,NA,NA,NA,NA,3.1358,1.8425,2.724,3.348,1.5661,5.4289,2.2848,LAI,1981_2005
XI,NA,1.632548743,NA,NA,2.6068,NA,NA,NA,NA,1.8016,1.0989,2.4168,2.2968,0.9589,3.5248,2.0813,LAI,1981_2005
XII,NA,1.372099097,NA,NA,2.2893,NA,NA,NA,NA,0.58845,0.97221,1.9578,1.8859,0.68555,2.3807,2.0908,LAI,1981_2005
I,NA,1.316865717,NA,NA,2.1037,NA,NA,NA,NA,0.16237,1.1758,2.1929,1.8359,0.67444,2.7146,2.0945,LAI,2076_2100
II,NA,1.247549986,NA,NA,1.9316,NA,NA,NA,NA,0.050821,1.1675,2.1358,1.7892,0.67065,4.0195,2.0333,LAI,2076_2100
III,NA,1.586283575,NA,NA,1.9443,NA,NA,NA,NA,0.024632,1.2345,2.4505,1.8337,0.86533,6.4158,2.012,LAI,2076_2100
IV,NA,2.226246504,NA,NA,2.195,NA,NA,NA,NA,0.13346,1.6272,2.7932,2.4752,1.6063,9.4363,2.2993,LAI,2076_2100
V,NA,3.10291903,NA,NA,2.7749,NA,NA,NA,NA,1.6886,2.5534,2.8004,3.8372,2.6782,10.672,2.6035,LAI,2076_2100
VI,NA,4.298148572,NA,NA,3.2748,NA,NA,NA,NA,3.5907,3.4052,2.5355,4.3811,3.0635,10.75,2.647,LAI,2076_2100
VII,NA,5.216167408,NA,NA,3.3395,NA,NA,NA,NA,4.4593,3.6312,1.9761,4.1833,2.8646,10.751,2.6353,LAI,2076_2100
VIII,NA,5.488356669,NA,NA,3.1949,NA,NA,NA,NA,4.7512,3.6547,1.6987,3.8388,2.1576,10.751,2.4921,LAI,2076_2100
IX,NA,3.917712014,NA,NA,3.0272,NA,NA,NA,NA,4.8798,3.639,2.1729,3.6341,1.7685,10.744,2.3646,LAI,2076_2100
X,NA,2.38718829,NA,NA,2.8195,NA,NA,NA,NA,4.9626,3.4525,2.7585,3.561,1.6352,10.052,2.3704,LAI,2076_2100
XI,NA,1.726542298,NA,NA,2.5772,NA,NA,NA,NA,2.961,2.3495,2.756,2.8606,1.3371,8.3213,2.0968,LAI,2076_2100
XII,NA,1.450562649,NA,NA,2.3244,NA,NA,NA,NA,1.31,1.3723,2.4392,1.9885,0.84933,6.3946,2.0987,LAI,2076_2100
I,NA,94.869,NA,87.669,NA,NA,92.43,NA,89.812,88.456,91.423,94.836,86.241,NA,81.336,90.36,RH_d,1981_2005
II,NA,92.288,NA,80.987,NA,NA,89.94,NA,87.516,85.835,86.21,92.968,85.647,NA,77.351,85.58,RH_d,1981_2005
III,NA,88.088,NA,70.979,NA,NA,83.614,NA,85.039,85.28,79.183,87.794,76.848,NA,74.606,78.163,RH_d,1981_2005
IV,NA,81.246,NA,66.047,NA,NA,77.417,NA,78.192,80.135,71.811,87.668,66.516,NA,73.271,72.99,RH_d,1981_2005
V,NA,74.226,NA,68.128,NA,NA,75.415,NA,70.842,73.496,65.258,86.459,64.748,NA,71.059,71.547,RH_d,1981_2005
VI,NA,66.107,NA,69.294,NA,NA,68.087,NA,70.912,75.753,61.615,80.721,67.37,NA,70.263,70.095,RH_d,1981_2005
VII,NA,60.015,NA,69.557,NA,NA,61.034,NA,70.346,78.335,60.829,66.942,69.296,NA,70.977,69.59,RH_d,1981_2005
VIII,NA,62.733,NA,71.902,NA,NA,63.98,NA,70.72,81.497,62.51,55.53,71.798,NA,74.674,71.505,RH_d,1981_2005
IX,NA,68.801,NA,73.926,NA,NA,72.441,NA,76.467,85.923,71.579,74.847,76.48,NA,78.054,75.461,RH_d,1981_2005
X,NA,88.012,NA,78.834,NA,NA,82.49,NA,87.169,89.156,84.249,92.267,79.964,NA,81.526,82.686,RH_d,1981_2005
XI,NA,94.267,NA,84.273,NA,NA,88.804,NA,90.236,89.816,89.945,94.733,83.454,NA,83.609,87.636,RH_d,1981_2005
XII,NA,94.922,NA,87.899,NA,NA,91.184,NA,90.482,88.81,92.153,95.316,85.382,NA,84.027,90.029,RH_d,1981_2005
I,NA,94.269,NA,82.382,NA,NA,89.879,NA,89.791,88.659,90.355,95.214,82.425,NA,81.946,87.209,RH_d,2076_2100
II,NA,92.881,NA,75.693,NA,NA,87.511,NA,87.604,86.188,85.941,93.761,79.246,NA,80.483,83.163,RH_d,2076_2100
III,NA,87.972,NA,66.616,NA,NA,82.822,NA,81.305,84.675,78.234,91.068,74.241,NA,77.927,76.344,RH_d,2076_2100
IV,NA,77.549,NA,61.402,NA,NA,79.978,NA,73.877,76.904,69.762,89.286,64.202,NA,74.868,69.139,RH_d,2076_2100
V,NA,64.429,NA,62.035,NA,NA,77.901,NA,69.278,74.049,60.921,84.435,60.272,NA,72.871,64.909,RH_d,2076_2100
VI,NA,60.399,NA,61.491,NA,NA,69.158,NA,65.701,75.96,49.453,71.579,57.362,NA,72.037,62.6,RH_d,2076_2100
VII,NA,46.115,NA,58.985,NA,NA,58.39,NA,55.17,74.94,40.984,49.573,57.193,NA,72.382,61.437,RH_d,2076_2100
VIII,NA,46.577,NA,58.383,NA,NA,61.563,NA,51.379,72.865,42.84,44.987,62.36,NA,75.102,62.079,RH_d,2076_2100
IX,NA,58.759,NA,62.322,NA,NA,71.374,NA,62.625,80.101,53.515,70.566,67.806,NA,78.72,69.616,RH_d,2076_2100
X,NA,83.469,NA,73.789,NA,NA,82.385,NA,80.286,87.796,75.35,92.344,77.231,NA,82.474,78.849,RH_d,2076_2100
XI,NA,93.689,NA,82.406,NA,NA,88.563,NA,89.314,89.979,87.754,95.931,81.518,NA,84.754,85.535,RH_d,2076_2100
XII,NA,93.977,NA,85.564,NA,NA,90.816,NA,91.363,89.562,91.075,96.045,83.166,NA,84.469,88.16,RH_d,2076_2100
I,NA,0.034242,NA,0.084486,NA,NA,0.047732,NA,0.062521,0.068963,0.050092,0.030408,0.10168,NA,0.12047,0.067589,VPD_d,1981_2005
II,NA,0.051286,NA,0.14239,NA,NA,0.068365,NA,0.076773,0.078667,0.089357,0.044881,0.10392,NA,0.16772,0.11504,VPD_d,1981_2005
III,NA,0.093981,NA,0.26987,NA,NA,0.1334,NA,0.11948,0.10599,0.1727,0.098656,0.20062,NA,0.2191,0.19995,VPD_d,1981_2005
IV,NA,0.20381,NA,0.4179,NA,NA,0.23146,NA,0.25357,0.22895,0.34365,0.12972,0.37062,NA,0.31038,0.30282,VPD_d,1981_2005
V,NA,0.39669,NA,0.52501,NA,NA,0.34678,NA,0.46307,0.40715,0.65182,0.20304,0.51442,NA,0.45079,0.42875,VPD_d,1981_2005
VI,NA,0.76208,NA,0.65395,NA,NA,0.7147,NA,0.57341,0.45392,0.94366,0.3924,0.65803,NA,0.60028,0.62419,VPD_d,1981_2005
VII,NA,1.0247,NA,0.73806,NA,NA,1.1016,NA,0.66722,0.43426,1.045,0.86965,0.7486,NA,0.63738,0.6679,VPD_d,1981_2005
VIII,NA,0.88392,NA,0.63217,NA,NA,0.90962,NA,0.64332,0.365,0.92656,1.2016,0.64248,NA,0.52579,0.60922,VPD_d,1981_2005
IX,NA,0.61384,NA,0.45587,NA,NA,0.49875,NA,0.43271,0.20394,0.51062,0.47699,0.39869,NA,0.35564,0.41309,VPD_d,1981_2005
X,NA,0.15077,NA,0.26751,NA,NA,0.21519,NA,0.15229,0.11445,0.17196,0.089121,0.23652,NA,0.21169,0.22267,VPD_d,1981_2005
XI,NA,0.047821,NA,0.14555,NA,NA,0.089874,NA,0.080467,0.088106,0.075823,0.041662,0.14988,NA,0.13269,0.11525,VPD_d,1981_2005
XII,NA,0.036436,NA,0.090235,NA,NA,0.059418,NA,0.063593,0.075576,0.044477,0.032519,0.11486,NA,0.1063,0.077252,VPD_d,1981_2005
I,NA,0.049094,NA,0.15908,NA,NA,0.081075,NA,0.094385,0.087383,0.076013,0.036468,0.15719,NA,0.13556,0.11549,VPD_d,2076_2100
II,NA,0.062532,NA,0.2453,NA,NA,0.10904,NA,0.12803,0.10035,0.12038,0.048002,0.19768,NA,0.17162,0.1515,VPD_d,2076_2100
III,NA,0.12378,NA,0.40935,NA,NA,0.16364,NA,0.23137,0.12934,0.2411,0.081277,0.2822,NA,0.22424,0.27198,VPD_d,2076_2100
IV,NA,0.31011,NA,0.62616,NA,NA,0.2425,NA,0.43079,0.31254,0.48992,0.12925,0.51973,NA,0.33846,0.45718,VPD_d,2076_2100
V,NA,0.75276,NA,0.84994,NA,NA,0.36801,NA,0.64793,0.45492,1.056,0.27751,0.77797,NA,0.49039,0.69125,VPD_d,2076_2100
VI,NA,1.0959,NA,1.1514,NA,NA,0.80672,NA,1.0651,0.53414,2.0972,0.82109,1.2709,NA,0.65996,1.003,VPD_d,2076_2100
VII,NA,1.9921,NA,1.5091,NA,NA,1.4578,NA,1.7522,0.66809,2.8001,1.829,1.5228,NA,0.72067,1.2049,VPD_d,2076_2100
VIII,NA,1.9464,NA,1.4791,NA,NA,1.284,NA,2.0154,0.73486,2.423,1.9096,1.23,NA,0.58882,1.1904,VPD_d,2076_2100
IX,NA,1.1254,NA,1.0091,NA,NA,0.68692,NA,1.1735,0.40669,1.4065,0.68259,0.83547,NA,0.4197,0.69049,VPD_d,2076_2100
X,NA,0.29332,NA,0.46236,NA,NA,0.26539,NA,0.40948,0.1539,0.46286,0.10445,0.36111,NA,0.24257,0.34307,VPD_d,2076_2100
XI,NA,0.068122,NA,0.20855,NA,NA,0.12198,NA,0.13264,0.10213,0.13004,0.038419,0.21229,NA,0.15311,0.1735,VPD_d,2076_2100
XII,NA,0.055427,NA,0.13994,NA,NA,0.078368,NA,0.084785,0.088333,0.075886,0.031956,0.16262,NA,0.13028,0.11662,VPD_d,2076_2100
I,NA,0.043236,NA,0.04621,NA,NA,0.04048,NA,0.045298,0.043749,0.03824,0.043481,0.047148,NA,0.046445,0.047887,delta_d,1981_2005
II,NA,0.045184,NA,0.050548,NA,NA,0.042948,NA,0.046223,0.042894,0.043747,0.044562,0.0456,NA,0.052072,0.053688,delta_d,1981_2005
III,NA,0.052746,NA,0.060618,NA,NA,0.053599,NA,0.054002,0.051671,0.055365,0.055287,0.054427,NA,0.05868,0.06174,delta_d,1981_2005
IV,NA,0.066857,NA,0.076759,NA,NA,0.066318,NA,0.071229,0.069951,0.0758,0.069986,0.070028,NA,0.074355,0.073699,delta_d,1981_2005
V,NA,0.087379,NA,0.099503,NA,NA,0.086139,NA,0.093682,0.091941,0.10766,0.089256,0.090708,NA,0.094766,0.094428,delta_d,1981_2005
VI,NA,0.11836,NA,0.12294,NA,NA,0.12292,NA,0.11359,0.11203,0.13642,0.10835,0.12149,NA,0.11945,0.12546,delta_d,1981_2005
VII,NA,0.13205,NA,0.13741,NA,NA,0.14862,NA,0.12618,0.117,0.14442,0.12241,0.14273,NA,0.12876,0.12924,delta_d,1981_2005
VIII,NA,0.12527,NA,0.12958,NA,NA,0.13739,NA,0.12103,0.11414,0.13512,0.11698,0.13395,NA,0.12219,0.12592,delta_d,1981_2005
IX,NA,0.10437,NA,0.10478,NA,NA,0.10442,NA,0.10229,0.090641,0.10299,0.0896,0.10286,NA,0.098541,0.10292,delta_d,1981_2005
X,NA,0.073314,NA,0.080345,NA,NA,0.076999,NA,0.07591,0.071392,0.071132,0.069675,0.076798,NA,0.073922,0.083424,delta_d,1981_2005
XI,NA,0.055827,NA,0.062534,NA,NA,0.053812,NA,0.057333,0.059919,0.052757,0.058172,0.060439,NA,0.056091,0.063578,delta_d,1981_2005
XII,NA,0.046549,NA,0.051028,NA,NA,0.044902,NA,0.048562,0.049971,0.038593,0.05157,0.05173,NA,0.047938,0.054058,delta_d,1981_2005
I,NA,0.056321,NA,0.060717,NA,NA,0.054798,NA,0.062578,0.054348,0.053596,0.055976,0.059106,NA,0.05388,0.061911,delta_d,2076_2100
II,NA,0.057808,NA,0.064965,NA,NA,0.05885,NA,0.067876,0.053837,0.057932,0.057335,0.062139,NA,0.060166,0.061908,delta_d,2076_2100
III,NA,0.065437,NA,0.076059,NA,NA,0.064259,NA,0.076129,0.058447,0.07126,0.06484,0.069522,NA,0.066975,0.074839,delta_d,2076_2100
IV,NA,0.079894,NA,0.095074,NA,NA,0.078022,NA,0.09511,0.081419,0.095659,0.078989,0.088624,NA,0.083753,0.091991,delta_d,2076_2100
V,NA,0.11349,NA,0.12644,NA,NA,0.10101,NA,0.12214,0.10401,0.14579,0.098522,0.11609,NA,0.10777,0.11738,delta_d,2076_2100
VI,NA,0.14217,NA,0.1618,NA,NA,0.14271,NA,0.16486,0.12976,0.2084,0.1294,0.16764,NA,0.1382,0.15285,delta_d,2076_2100
VII,NA,0.1822,NA,0.19036,NA,NA,0.18015,NA,0.19834,0.14662,0.23624,0.15681,0.1963,NA,0.15101,0.17105,delta_d,2076_2100
VIII,NA,0.17977,NA,0.18377,NA,NA,0.1731,NA,0.21007,0.14475,0.2145,0.14701,0.18197,NA,0.13823,0.16998,delta_d,2076_2100
IX,NA,0.13962,NA,0.14499,NA,NA,0.13092,NA,0.16232,0.11487,0.16052,0.10363,0.14786,NA,0.11589,0.13077,delta_d,2076_2100
X,NA,0.096192,NA,0.10442,NA,NA,0.092381,NA,0.11241,0.081797,0.1064,0.076894,0.097221,NA,0.086789,0.10004,delta_d,2076_2100
XI,NA,0.070366,NA,0.076593,NA,NA,0.069672,NA,0.079906,0.069052,0.069871,0.065637,0.074491,NA,0.067246,0.078734,delta_d,2076_2100
XII,NA,0.06087,NA,0.064647,NA,NA,0.056806,NA,0.06572,0.059216,0.057536,0.058007,0.064211,NA,0.058925,0.066917,delta_d,2076_2100
